step,customer,age_group,gender,merchant,category,amount,fraud
0,C1093826151,36-45,M,M348934600,transportation,4.55,0
0,C352968107,18-25,M,M348934600,transportation,39.68,0
0,C2054744914,36-45,F,M1823072687,transportation,26.89,0
0,C1760612790,26-35,M,M348934600,transportation,17.25,0
0,C757503768,46-60,M,M348934600,transportation,35.72,0
0,C1315400589,26-35,F,M348934600,transportation,25.81,0
0,C765155274,<18,F,M348934600,transportation,9.1,0
0,C202531238,36-45,F,M348934600,transportation,21.17,0
0,C105845174,26-35,M,M348934600,transportation,32.4,0
0,C39858251,46-60,F,M348934600,transportation,35.4,0
0,C98707741,36-45,F,M348934600,transportation,14.95,0
0,C1551465414,<18,M,M1823072687,transportation,1.51,0
0,C623601481,26-35,M,M50039827,health,68.79,0
0,C1865204568,46-60,M,M1823072687,transportation,20.32,0
0,C490238464,26-35,M,M348934600,transportation,13.56,0
0,C194016923,26-35,F,M348934600,transportation,30.19,0
0,C1207205377,36-45,M,M1823072687,transportation,17.54,0
0,C834963773,46-60,F,M348934600,transportation,40.69,0
0,C1897705669,18-25,M,M348934600,transportation,21.21,0
0,C124539163,18-25,F,M348934600,transportation,10.09,0
0,C1687101094,18-25,F,M348934600,transportation,19.31,0
0,C1695454092,18-25,M,M348934600,transportation,44.22,0
0,C986553990,46-60,F,M348934600,transportation,44.39,0
0,C819690995,46-60,F,M348934600,transportation,30.72,0
0,C1622124632,18-25,M,M348934600,transportation,29.84,0
0,C187514477,26-35,M,M348934600,transportation,12.1,0
0,C272748313,36-45,M,M348934600,transportation,24.84,0
0,C490092965,18-25,M,M348934600,transportation,16.42,0
0,C546957379,46-60,M,M348934600,transportation,2.19,0
0,C1563705147,46-60,F,M348934600,transportation,32.27,0
0,C1273110804,36-45,M,M348934600,transportation,28.09,0
0,C1582366224,46-60,M,M1823072687,transportation,16.13,0
0,C998987490,18-25,F,M348934600,transportation,32.7,0
0,C1413412440,18-25,F,M348934600,transportation,25.53,0
0,C1166355595,36-45,F,M348934600,transportation,39.22,0
0,C719598710,46-60,F,M348934600,transportation,46.14,0
0,C1161949399,18-25,M,M348934600,transportation,29.55,0
0,C60351691,18-25,F,M1823072687,transportation,36.88,0
0,C1769927077,18-25,F,M348934600,transportation,36.15,0
0,C995844287,46-60,F,M348934600,transportation,2.81,0
0,C1425441042,18-25,M,M1888755466,otherservices,87.67,0
0,C337109624,18-25,F,M1823072687,transportation,11.17,0
0,C1635613216,36-45,F,M1053599405,health,105.59,0
0,C996804095,26-35,M,M348934600,transportation,15.25,0
0,C1331907286,18-25,M,M348934600,transportation,33.36,0
0,C506520283,36-45,F,M348934600,transportation,32.96,0
0,C83613815,18-25,F,M348934600,transportation,16.96,0
0,C1697528836,26-35,F,M1823072687,transportation,49.91,0
0,C168310052,18-25,M,M348934600,transportation,0.93,0
0,C2096367617,18-25,M,M348934600,transportation,37.71,0
0,C1870872671,18-25,F,M1823072687,transportation,12.53,0
0,C823286801,18-25,F,M348934600,transportation,56.97,0
0,C1038996959,18-25,M,M348934600,transportation,31.32,0
0,C345742557,46-60,F,M348934600,transportation,21.15,0
0,C638163213,<18,F,M348934600,transportation,3.12,0
0,C1941625566,26-35,F,M348934600,transportation,33.41,0
0,C1180570487,60,F,M1823072687,transportation,45.92,0
0,C51444479,26-35,M,M348934600,transportation,36.82,0
0,C153419170,26-35,F,M1823072687,transportation,20.05,0
0,C574062699,18-25,M,M348934600,transportation,43.75,0
0,C1087788850,36-45,M,M348934600,transportation,44.88,0
0,C2126436338,<18,F,M348934600,transportation,18.45,0
0,C1820855004,18-25,F,M348934600,transportation,29.66,0
0,C487569403,18-25,M,M348934600,transportation,28.38,0
0,C923875417,46-60,F,M348934600,transportation,62.76,0
0,C579037870,60,M,M348934600,transportation,21.6,0
0,C662931726,18-25,F,M348934600,transportation,30.74,0
0,C671524709,46-60,F,M348934600,transportation,58.33,0
0,C476477241,36-45,M,M348934600,transportation,44.07,0
0,C327430270,46-60,F,M348934600,transportation,6.52,0
0,C1879341237,36-45,M,M1823072687,transportation,2.96,0
0,C1655037147,18-25,F,M348934600,transportation,44.69,0
0,C864655240,18-25,F,M1823072687,transportation,5.01,0
0,C72353846,18-25,M,M348934600,transportation,9.74,0
0,C1591908890,18-25,M,M348934600,transportation,10.1,0
0,C1156346576,36-45,F,M348934600,transportation,58.64,0
0,C1771717627,18-25,F,M348934600,transportation,29.2,0
0,C156162339,18-25,F,M85975013,food,32.6,0
0,C588719767,18-25,M,M348934600,transportation,52.35,0
0,C118437987,18-25,M,M1053599405,health,159.92,0
0,C1130259702,26-35,M,M348934600,transportation,26.37,0
0,C1738944491,18-25,M,M348934600,transportation,49.07,0
0,C1950723662,18-25,F,M348934600,transportation,35.74,0
0,C1987405562,46-60,F,M1823072687,transportation,47.53,0
0,C1988407051,46-60,M,M348934600,transportation,29.87,0
0,C1698653726,18-25,M,M348934600,transportation,20.31,0
0,C1952040134,26-35,F,M348934600,transportation,10.59,0
0,C1769470125,18-25,F,M348934600,transportation,21.92,0
0,C583110837,26-35,M,M480139044,health,44.26,1
0,C1332295774,26-35,M,M480139044,health,324.5,1
0,C603564532,<18,M,M1823072687,transportation,26.07,0
0,C2072009750,18-25,F,M348934600,transportation,10.88,0
0,C545248492,36-45,M,M348934600,transportation,8.05,0
0,C1055224400,26-35,F,M348934600,transportation,25.59,0
0,C1619755203,46-60,F,M348934600,transportation,15.26,0
0,C1697851479,26-35,M,M348934600,transportation,20.73,0
0,C1255236689,<18,F,M348934600,transportation,68.17,0
0,C603081336,26-35,F,M348934600,transportation,34.75,0
0,C274486575,18-25,F,M692898500,health,171.07,0
0,C1569939854,60,F,M348934600,transportation,50.31,0
0,C648063518,26-35,M,M348934600,transportation,17.87,0
0,C1488142454,18-25,F,M348934600,transportation,5.96,0
0,C384665757,26-35,F,M1823072687,transportation,13.08,0
0,C131559770,60,F,M348934600,transportation,51.99,0
0,C1547534233,18-25,F,M348934600,transportation,9.54,0
0,C76969430,18-25,M,M1823072687,transportation,61.33,0
0,C896887653,26-35,M,M348934600,transportation,47.72,0
0,C281893917,26-35,M,M348934600,transportation,1.72,0
0,C120661238,60,M,M348934600,transportation,8.14,0
0,C1617276678,26-35,M,M348934600,transportation,43.76,0
0,C1499019507,18-25,M,M348934600,transportation,52.36,0
0,C83086349,60,M,M1823072687,transportation,14.2,0
0,C2006367089,60,F,M1823072687,transportation,2.06,0
0,C870367228,36-45,M,M348934600,transportation,45.32,0
0,C966335674,26-35,M,M348934600,transportation,10.38,0
0,C694265356,26-35,F,M348934600,transportation,2.46,0
0,C400803731,18-25,F,M348934600,transportation,40.15,0
0,C477595630,36-45,M,M348934600,transportation,4.96,0
0,C1721541488,18-25,M,M348934600,transportation,43.55,0
0,C949023995,26-35,M,M348934600,transportation,8.56,0
0,C439601438,46-60,F,M348934600,transportation,28.06,0
0,C1482560016,46-60,M,M348934600,transportation,7.89,0
0,C13098029,46-60,F,M348934600,transportation,44.59,0
0,C672742304,36-45,M,M348934600,transportation,10.84,0
0,C916497516,26-35,F,M348934600,transportation,13.35,0
0,C1403689550,18-25,F,M348934600,transportation,10.49,0
0,C869565327,46-60,F,M348934600,transportation,6.19,0
0,C1085056650,<18,F,M348875670,hotelservices,114.54,0
0,C1035681921,<18,M,M348934600,transportation,23.97,0
0,C1476505660,<18,F,M348934600,transportation,7.75,0
0,C948004275,18-25,M,M151143676,barsandrestaurants,36.41,0
0,C650108285,36-45,F,M1053599405,health,11.83,0
0,C2041218422,26-35,M,M1823072687,transportation,4.23,0
0,C2081956948,18-25,M,M348934600,transportation,11.23,0
0,C1305339250,36-45,M,M348934600,transportation,20.55,0
0,C1459810780,18-25,F,M348934600,transportation,43.78,0
0,C433481742,36-45,F,M348934600,transportation,10.96,0
0,C288684762,26-35,M,M348934600,transportation,33.27,0
0,C1817842389,46-60,M,M692898500,health,109.26,0
0,C206074131,46-60,F,M348934600,transportation,38.38,0
0,C1502804084,18-25,F,M348934600,transportation,1.01,0
0,C2134043204,26-35,M,M348934600,transportation,31.73,0
0,C662187574,18-25,M,M348934600,transportation,13.33,0
0,C2039473569,18-25,M,M348934600,transportation,68.39,0
0,C370861553,18-25,M,M348934600,transportation,2.46,0
0,C1187730955,26-35,M,M1823072687,transportation,33.71,0
0,C426128777,26-35,F,M348934600,transportation,39.96,0
0,C779868884,<18,M,M348934600,transportation,17.56,0
0,C2092526272,60,F,M840466850,tech,163.56,0
0,C1450354557,26-35,F,M348934600,transportation,23.24,0
0,C1313060996,26-35,F,M348934600,transportation,26.46,0
0,C1091966081,26-35,F,M348934600,transportation,13.56,0
0,C564600361,18-25,M,M348934600,transportation,25.53,0
0,C661876608,<18,F,M1741626453,sportsandtoys,11.83,0
0,C1871594117,<18,M,M348934600,transportation,24.15,0
0,C759167881,18-25,F,M348934600,transportation,2.63,0
0,C359668643,18-25,M,M348934600,transportation,31.2,0
0,C1536083561,18-25,F,M348934600,transportation,4.15,0
0,C2043927860,18-25,M,M348934600,transportation,29.95,0
0,C1159406873,26-35,F,M348934600,transportation,58.95,0
0,C1463833315,<18,M,M1053599405,health,7.94,0
0,C1206604144,18-25,F,M348934600,transportation,37.8,0
0,C673469784,26-35,F,M348934600,transportation,55.19,0
0,C994739890,46-60,M,M348934600,transportation,32.95,0
0,C409331076,36-45,M,M1823072687,transportation,50.9,0
0,C1229072215,26-35,M,M348934600,transportation,15.69,0
0,C1070277785,36-45,F,M348934600,transportation,14.36,0
0,C1324001180,18-25,M,M1823072687,transportation,50.57,0
0,C1424475955,26-35,M,M348934600,transportation,37.73,0
0,C1423644375,18-25,M,M348934600,transportation,30.98,0
0,C2042503226,18-25,F,M348934600,transportation,10.37,0
0,C2038427935,26-35,F,M348934600,transportation,64.69,0
0,C1549232957,26-35,M,M1823072687,transportation,44.5,0
0,C1314685160,<18,M,M348934600,transportation,5.5,0
0,C276142295,26-35,M,M348934600,transportation,30.86,0
0,C2035341190,18-25,M,M348934600,transportation,61.83,0
0,C1846578588,26-35,M,M348934600,transportation,55.55,0
0,C2029028090,36-45,M,M348934600,transportation,73.36,0
0,C1568358546,18-25,F,M348934600,transportation,47.14,0
0,C1818841328,18-25,M,M348934600,transportation,14.55,0
0,C142251484,60,M,M348934600,transportation,44.22,0
0,C413843100,26-35,F,M348934600,transportation,38.2,0
0,C1368210201,18-25,F,M348934600,transportation,12.55,0
0,C747590731,26-35,F,M348934600,transportation,0.1,0
0,C1032715879,26-35,F,M85975013,food,36.55,0
0,C441989517,26-35,F,M348934600,transportation,15.04,0
0,C1506293914,46-60,M,M1823072687,transportation,54.45,0
0,C1800696439,46-60,M,M348934600,transportation,66.57,0
0,C1385780363,36-45,F,M348934600,transportation,56.93,0
0,C947010068,36-45,F,M348934600,transportation,3.5,0
0,C1939799337,36-45,F,M348934600,transportation,11.78,0
0,C1842441894,26-35,M,M1535107174,wellnessandbeauty,52.38,0
0,C207576555,26-35,F,M348934600,transportation,31.98,0
0,C334817037,26-35,M,M348934600,transportation,27.98,0
0,C1436756684,18-25,F,M692898500,health,187.62,0
0,C1419246450,26-35,M,M1823072687,transportation,19.23,0
0,C1025104996,46-60,M,M1823072687,transportation,47.82,0
0,C1325638360,46-60,M,M348934600,transportation,28.6,0
0,C655150548,<18,F,M348934600,transportation,7.06,0
0,C75274383,36-45,M,M85975013,food,49.59,0
0,C357634845,26-35,M,M1823072687,transportation,12.16,0
0,C1394428191,<18,F,M348934600,transportation,20.96,0
0,C602096181,<18,F,M85975013,food,36.9,0
0,C1815496848,18-25,M,M348934600,transportation,11.06,0
0,C326482046,26-35,M,M1823072687,transportation,9.59,0
0,C524644424,36-45,M,M348934600,transportation,41.33,0
0,C411345215,<18,F,M348934600,transportation,25.23,0
0,C447271561,26-35,M,M855959430,hyper,2.09,0
0,C1808964355,<18,F,M348934600,transportation,3.62,0
0,C1730375460,18-25,F,M348934600,transportation,24.29,0
0,C982406682,<18,M,M1823072687,transportation,22.84,0
0,C665566426,26-35,F,M85975013,food,40.69,0
0,C395508885,36-45,M,M348934600,transportation,5.31,0
0,C369046885,36-45,M,M348934600,transportation,41.67,0
0,C1445784416,36-45,M,M348934600,transportation,30.57,0
0,C236999052,<18,M,M1823072687,transportation,8.71,0
0,C1316262830,<18,F,M348934600,transportation,3.03,0
0,C1935421495,<18,F,M348934600,transportation,13.72,0
0,C1960866892,18-25,M,M855959430,hyper,22.65,0
0,C677561666,<18,F,M348934600,transportation,19.73,0
0,C1916796804,36-45,F,M348934600,transportation,33.12,0
0,C1956819896,18-25,M,M348934600,transportation,6.09,0
0,C626836922,46-60,F,M348934600,transportation,37.25,0
0,C526635102,18-25,M,M348934600,transportation,19.97,0
0,C1778762788,18-25,F,M349281107,fashion,15.31,0
0,C427983732,36-45,F,M348934600,transportation,19.19,0
0,C2132111174,26-35,F,M348934600,transportation,48.26,0
0,C991774315,26-35,F,M349281107,fashion,79.71,0
0,C720418898,26-35,M,M348934600,transportation,16.47,0
0,C956954767,26-35,F,M348934600,transportation,54.54,0
0,C1711634686,26-35,F,M348934600,transportation,44.5,0
0,C1711699171,18-25,M,M348934600,transportation,35.39,0
0,C1937615372,36-45,F,M85975013,food,22.42,0
0,C564451627,26-35,F,M348934600,transportation,67.88,0
0,C897057254,18-25,F,M348934600,transportation,4.02,0
0,C1196357413,26-35,F,M1823072687,transportation,11.95,0
0,C203427830,18-25,F,M348934600,transportation,16.6,0
0,C1320820565,18-25,F,M348934600,transportation,61.9,0
0,C1803181641,18-25,M,M348934600,transportation,48.24,0
0,C1723897078,18-25,F,M348934600,transportation,41.98,0
0,C170769685,36-45,M,M348934600,transportation,5.67,0
0,C1710930627,18-25,F,M1823072687,transportation,17.37,0
0,C1468082478,36-45,F,M1823072687,transportation,14.87,0
0,C998690782,18-25,M,M85975013,food,46.88,0
0,C2126019044,36-45,M,M348934600,transportation,2.81,0
0,C296630818,26-35,M,M348934600,transportation,18.25,0
0,C1050458046,60,M,M348934600,transportation,8.6,0
0,C1275741147,26-35,F,M348934600,transportation,20.37,0
0,C1264836741,18-25,F,M348934600,transportation,25.95,0
0,C1807259356,26-35,F,M348934600,transportation,62.76,0
0,C108794529,36-45,F,M348934600,transportation,17.36,0
0,C495652708,18-25,M,M1823072687,transportation,71.65,0
0,C1437990673,18-25,F,M348934600,transportation,6.34,0
0,C1959067413,36-45,M,M209847108,wellnessandbeauty,86.09,0
0,C1514973352,18-25,F,M348934600,transportation,28.82,0
0,C741680636,36-45,M,M348934600,transportation,19.55,0
0,C1465698425,18-25,M,M2122776122,home,98.19,0
0,C1452020181,46-60,M,M348934600,transportation,10.41,0
0,C1760986787,18-25,M,M85975013,food,30.92,0
0,C1426006139,36-45,F,M348934600,transportation,22.68,0
0,C179748485,18-25,M,M348934600,transportation,50.9,0
0,C936853935,26-35,M,M1823072687,transportation,49.54,0
0,C1660043980,26-35,F,M1823072687,transportation,38.58,0
0,C1951890364,26-35,F,M348934600,transportation,1.95,0
0,C386205251,18-25,F,M1823072687,transportation,16.4,0
0,C1935661715,18-25,M,M348934600,transportation,4.19,0
0,C294914134,18-25,F,M1823072687,transportation,62.11,0
0,C1999090638,18-25,F,M348934600,transportation,15.84,0
0,C1890250226,26-35,M,M348934600,transportation,31.45,0
0,C1426420214,<18,M,M348934600,transportation,26.7,0
0,C1687751654,26-35,M,M348934600,transportation,51.36,0
0,C1522289895,26-35,F,M348934600,transportation,21.61,0
0,C873821675,36-45,M,M348934600,transportation,17.76,0
0,C1637357651,26-35,M,M151143676,barsandrestaurants,23.56,0
0,C72452640,18-25,F,M348934600,transportation,15.87,0
0,C800967034,26-35,F,M1823072687,transportation,1.21,0
0,C1223439629,36-45,M,M348934600,transportation,46.29,0
0,C1915603015,36-45,F,M348934600,transportation,21.5,0
0,C1896250849,<18,M,M1823072687,transportation,31.51,0
0,C1680004438,18-25,F,M348934600,transportation,44.31,0
0,C1276892406,36-45,M,M348934600,transportation,38.26,0
0,C1439470393,18-25,F,M1823072687,transportation,15.49,0
0,C181787207,26-35,M,M1873032707,hotelservices,71.76,0
0,C2063978670,18-25,M,M2011752106,hotelservices,194.59,0
0,C766302474,36-45,F,M348934600,transportation,44.57,0
0,C1913127981,36-45,F,M348934600,transportation,21.21,0
0,C1732752834,26-35,M,M348934600,transportation,24.87,0
0,C1095604325,<18,F,M348934600,transportation,19.38,0
0,C245019752,18-25,F,M348934600,transportation,55.7,0
0,C954150626,60,F,M348934600,transportation,16.78,0
0,C1658315324,36-45,M,M348934600,transportation,31.9,0
0,C1060470494,18-25,F,M1823072687,transportation,31.59,0
0,C1053477622,18-25,M,M348934600,transportation,8.66,0
0,C1571595392,18-25,M,M348934600,transportation,6.21,0
0,C1633477199,18-25,M,M348934600,transportation,57.17,0
0,C1990073844,36-45,M,M1823072687,transportation,24.57,0
0,C1004300450,36-45,M,M348934600,transportation,4.2,0
0,C756645719,18-25,F,M348934600,transportation,26.52,0
0,C1057285507,46-60,M,M348934600,transportation,31.93,0
0,C2144562698,<18,F,M1535107174,wellnessandbeauty,55.3,0
0,C1475486134,46-60,M,M348934600,transportation,31.14,0
0,C1813956515,<18,M,M1823072687,transportation,14.36,0
0,C1600642825,26-35,F,M1823072687,transportation,26.93,0
0,C1936855292,26-35,F,M348934600,transportation,19.42,0
0,C1128349548,18-25,F,M348934600,transportation,36.62,0
0,C956414645,18-25,F,M348934600,transportation,1.18,0
0,C1807153148,36-45,F,M348934600,transportation,11.41,0
0,C696052681,18-25,F,M348934600,transportation,16.1,0
0,C173276320,18-25,F,M1823072687,transportation,35.61,0
0,C1161671147,18-25,F,M348934600,transportation,27.32,0
0,C295362058,36-45,M,M348934600,transportation,3.3,0
0,C822689044,18-25,M,M348934600,transportation,28.13,0
0,C1353776547,60,M,M857378720,hotelservices,49,0
0,C105013970,26-35,M,M348934600,transportation,79.35,0
0,C777971561,18-25,F,M1198415165,wellnessandbeauty,122.26,0
0,C23049140,46-60,F,M348934600,transportation,17.51,0
0,C1991820533,46-60,M,M348934600,transportation,15.72,0
0,C1580025618,18-25,F,M348934600,transportation,61.93,0
0,C713872230,18-25,M,M1823072687,transportation,18.81,0
0,C130295904,26-35,F,M348934600,transportation,38.88,0
0,C1435043122,46-60,M,M1823072687,transportation,33.02,0
0,C1963617384,18-25,F,M348934600,transportation,51.86,0
0,C5191822,<18,F,M1748431652,wellnessandbeauty,45.19,0
0,C1350793893,<18,M,M209847108,wellnessandbeauty,60.71,0
0,C359698649,26-35,F,M348934600,transportation,38.78,0
0,C241071592,18-25,M,M348934600,transportation,38.92,0
0,C177123752,36-45,M,M348934600,transportation,11.73,0
0,C1867965524,36-45,M,M348934600,transportation,47.16,0
0,C417912401,26-35,F,M348934600,transportation,40.66,0
0,C862785719,26-35,F,M348934600,transportation,33.62,0
0,C1373973501,36-45,F,M1823072687,transportation,6.58,0
0,C161101673,18-25,M,M1823072687,transportation,26.27,0
0,C1714676783,26-35,M,M348934600,transportation,44.36,0
0,C679458582,36-45,F,M348934600,transportation,23.72,0
0,C656405809,<18,M,M348934600,transportation,59.78,0
0,C757950779,60,M,M348934600,transportation,36.68,0
0,C278501873,18-25,F,M348934600,transportation,29.92,0
0,C812882942,<18,F,M348934600,transportation,31.64,0
0,C1359606474,26-35,F,M348934600,transportation,20.33,0
0,C456338836,46-60,F,M348934600,transportation,29.03,0
0,C210563051,26-35,M,M348934600,transportation,2.66,0
0,C1891401770,36-45,F,M480139044,health,266.59,0
0,C450548035,26-35,M,M348934600,transportation,20.5,0
0,C1378412230,18-25,F,M348934600,transportation,47.86,0
0,C253956131,60,M,M1535107174,wellnessandbeauty,37.43,0
0,C131296547,18-25,M,M348934600,transportation,26.79,0
0,C1082594377,18-25,F,M980657600,sportsandtoys,88.2,0
0,C1076053396,36-45,M,M348934600,transportation,42.58,0
0,C2127479268,46-60,F,M348934600,transportation,18.48,0
0,C1535613790,26-35,M,M1823072687,transportation,35.89,0
0,C227186054,60,F,M348934600,transportation,46.19,0
0,C1701338775,46-60,F,M348934600,transportation,60.05,0
0,C74848504,26-35,F,M1823072687,transportation,29.1,0
0,C1902104464,60,F,M348934600,transportation,44.51,0
0,C64700533,26-35,F,M348934600,transportation,12.53,0
0,C1996249538,18-25,M,M85975013,food,35.23,0
0,C2704357,36-45,F,M348934600,transportation,3.92,0
0,C77017704,18-25,F,M348934600,transportation,23.03,0
0,C1988025089,18-25,F,M348934600,transportation,28.91,0
0,C1559091388,36-45,F,M348934600,transportation,48.62,0
0,C1807567788,36-45,M,M1823072687,transportation,24.31,0
0,C1216409727,26-35,F,M348934600,transportation,30.78,0
0,C1862556322,26-35,F,M348934600,transportation,14.35,0
0,C251602943,18-25,F,M348934600,transportation,22.14,0
0,C566582492,26-35,M,M348934600,transportation,28.63,0
0,C1693925346,36-45,F,M348934600,transportation,88.54,0
0,C286580355,60,M,M348934600,transportation,18.53,0
0,C1214229415,36-45,F,M348934600,transportation,98.35,0
0,C344259725,26-35,M,M348934600,transportation,16.1,0
0,C1022530210,36-45,M,M348934600,transportation,37.95,0
0,C1658591237,<18,M,M348934600,transportation,25.28,0
0,C324333692,36-45,F,M348934600,transportation,12.27,0
0,C1266329800,36-45,F,M348934600,transportation,55.1,0
0,C1952109278,<18,M,M348934600,transportation,0.61,0
0,C1457092141,18-25,F,M348934600,transportation,4.39,0
0,C2038018161,18-25,M,M348934600,transportation,20.93,0
0,C1390331883,18-25,F,M151143676,barsandrestaurants,49.65,0
0,C2131498052,46-60,M,M1352454843,hotelservices,71,0
0,C106333716,26-35,F,M348934600,transportation,42.8,0
0,C1635987808,46-60,F,M348934600,transportation,5.35,0
0,C2038979642,26-35,F,M1823072687,transportation,32.86,0
0,C1525483242,26-35,M,M1823072687,transportation,46,0
0,C1615196201,<18,F,M348934600,transportation,31.74,0
0,C1129111658,46-60,F,M348934600,transportation,25.88,0
0,C529768403,60,F,M348934600,transportation,6.28,0
0,C1360225709,46-60,F,M855959430,hyper,61.75,0
0,C193924578,36-45,F,M1823072687,transportation,52.47,0
0,C344248234,18-25,M,M348934600,transportation,16.91,0
0,C612357573,60,M,M348934600,transportation,2.53,0
0,C823891015,18-25,F,M348934600,transportation,50.36,0
0,C1452354279,26-35,M,M348934600,transportation,8.02,0
0,C601235628,36-45,F,M1823072687,transportation,19.46,0
0,C1763371495,18-25,F,M348934600,transportation,15.97,0
0,C381250974,18-25,F,M348934600,transportation,32.55,0
0,C1459624061,36-45,F,M348934600,transportation,35.56,0
0,C1457264318,26-35,F,M1823072687,transportation,9.17,0
0,C2057462116,<18,M,M348934600,transportation,10.42,0
0,C1296664552,26-35,M,M855959430,hyper,49.3,0
0,C1939349733,18-25,M,M348934600,transportation,29.36,0
0,C1784864427,46-60,M,M348934600,transportation,36.9,0
0,C448612141,26-35,M,M348934600,transportation,26.78,0
0,C1519265307,46-60,F,M348934600,transportation,23.05,0
0,C734817849,18-25,M,M348934600,transportation,31.42,0
0,C742784538,26-35,M,M1823072687,transportation,16.17,0
0,C1230747575,26-35,M,M855959430,hyper,15.26,0
0,C752270622,<18,F,M348934600,transportation,13.96,0
0,C1920284556,18-25,F,M348934600,transportation,17.37,0
0,C965952231,46-60,M,M348934600,transportation,2.04,0
0,C837031785,26-35,F,M348934600,transportation,6.43,0
0,C1667929755,26-35,F,M1823072687,transportation,12.85,0
0,C33469777,<18,M,M348934600,transportation,10.28,0
0,C1807765388,26-35,F,M348934600,transportation,23.67,0
0,C1918953803,18-25,F,M348934600,transportation,11.44,0
0,C1352750459,60,M,M348934600,transportation,11.76,0
0,C1051712338,36-45,M,M348934600,transportation,23.93,0
0,C399061526,18-25,F,M1823072687,transportation,2.1,0
0,C1108967401,<18,M,M348934600,transportation,9.25,0
0,C1782998558,26-35,F,M348934600,transportation,21.04,0
0,C1089903335,26-35,M,M348934600,transportation,12.82,0
0,C1591441443,60,M,M85975013,food,19.05,0
0,C1080719046,26-35,M,M348934600,transportation,10.88,0
0,C151715772,26-35,F,M348934600,transportation,25.22,0
0,C1731135780,18-25,M,M348934600,transportation,13.44,0
0,C1556912476,26-35,F,M348934600,transportation,42.69,0
0,C108266856,26-35,F,M1823072687,transportation,55.84,0
0,C1656440641,18-25,M,M348934600,transportation,41.79,0
0,C138375181,46-60,F,M855959430,hyper,69.65,0
0,C1200227736,18-25,M,M348934600,transportation,0.3,0
0,C171345183,26-35,F,M348934600,transportation,12.61,0
0,C139784508,18-25,M,M1823072687,transportation,6.18,0
0,C1568308501,26-35,M,M348934600,transportation,27.67,0
0,C951689990,26-35,F,M348934600,transportation,44.8,0
0,C1944210063,26-35,M,M348934600,transportation,27.85,0
0,C1657925669,26-35,F,M348934600,transportation,34.31,0
0,C1160421902,26-35,M,M857378720,hotelservices,176.32,1
0,C966214713,26-35,M,M857378720,hotelservices,337.41,1
0,C57136184,60,F,M348934600,transportation,15.99,0
0,C494777408,18-25,M,M348934600,transportation,19.39,0
0,C1089848865,26-35,F,M348934600,transportation,28.32,0
0,C19820082,46-60,F,M348934600,transportation,11.03,0
0,C1643499361,36-45,M,M1823072687,transportation,4.88,0
0,C956700475,36-45,F,M348934600,transportation,29.93,0
0,C914285365,36-45,M,M348934600,transportation,54.17,0
0,C1341517098,36-45,F,M348934600,transportation,18.54,0
0,C956898918,18-25,F,M348934600,transportation,24.44,0
0,C563130428,26-35,M,M348934600,transportation,25.85,0
0,C1017469037,18-25,M,M348934600,transportation,8.06,0
0,C286547187,18-25,M,M348934600,transportation,6.35,0
0,C1689083890,18-25,F,M85975013,food,47.44,0
0,C966984015,36-45,M,M348934600,transportation,38.32,0
0,C356873706,26-35,M,M1823072687,transportation,13.79,0
0,C1905402681,<18,M,M348934600,transportation,1.51,0
0,C715527139,<18,M,M480139044,health,44.14,0
0,C1154631581,46-60,M,M348934600,transportation,37.67,0
0,C1913314890,26-35,F,M348934600,transportation,25.3,0
0,C2110568911,18-25,F,M348934600,transportation,57.26,0
0,C856318696,18-25,F,M348934600,transportation,54.22,0
0,C566232847,26-35,M,M348934600,transportation,16.42,0
0,C1756466427,36-45,M,M348934600,transportation,16.47,0
0,C2026269026,26-35,M,M1198415165,wellnessandbeauty,40.31,0
0,C843090653,36-45,F,M855959430,hyper,57.28,0
0,C475340225,18-25,M,M1823072687,transportation,6.01,0
0,C1102464953,36-45,F,M348934600,transportation,6.63,0
0,C755000520,18-25,F,M348934600,transportation,44.27,0
0,C385721880,18-25,M,M1823072687,transportation,2.93,0
0,C1969430351,26-35,M,M85975013,food,6.92,0
0,C1817318774,18-25,F,M980657600,sportsandtoys,106.29,0
0,C862267590,36-45,M,M348934600,transportation,33.28,0
0,C1799527037,18-25,M,M855959430,hyper,19.21,0
0,C26045684,36-45,F,M348934600,transportation,15.34,0
0,C1803364571,46-60,M,M348934600,transportation,27.81,0
0,C2145933360,46-60,F,M348934600,transportation,57.79,0
0,C126488680,36-45,M,M348934600,transportation,11.34,0
0,C635222317,26-35,F,M348934600,transportation,54.83,0
0,C1070471979,26-35,M,M85975013,food,44.77,0
0,C1854104284,18-25,F,M348934600,transportation,29.94,0
0,C2086664398,18-25,F,M85975013,food,1.6,0
0,C1615671416,60,F,M348934600,transportation,17.74,0
0,C1767072624,18-25,F,M348934600,transportation,50.91,0
0,C856674856,18-25,F,M348934600,transportation,31.34,0
0,C1688605578,26-35,M,M348934600,transportation,13.09,0
0,C845102514,36-45,M,M85975013,food,13.85,0
0,C1259760240,18-25,F,M348934600,transportation,7.11,0
0,C723509264,36-45,F,M2122776122,home,54.59,0
0,C918296398,18-25,F,M348934600,transportation,10.09,0
0,C1769401317,26-35,M,M348934600,transportation,41.78,0
0,C1962407385,18-25,M,M348934600,transportation,22.11,0
0,C841616397,18-25,M,M85975013,food,7.44,0
0,C74457300,<18,F,M348934600,transportation,13.16,0
0,C364273844,26-35,F,M348934600,transportation,66.22,0
0,C1475799889,26-35,F,M348934600,transportation,27.57,0
0,C955592184,18-25,F,M348934600,transportation,22.75,0
0,C1395098424,18-25,F,M348934600,transportation,2.55,0
0,C1104044396,<18,M,M348934600,transportation,48.41,0
0,C1197304790,26-35,M,M1352454843,hotelservices,90.3,0
0,C532118459,26-35,F,M348934600,transportation,37.58,0
0,C1419235351,36-45,M,M348934600,transportation,5.18,0
0,C395508103,18-25,F,M855959430,hyper,18.19,0
0,C927766810,26-35,F,M348934600,transportation,2.74,0
0,C1081944543,36-45,F,M348934600,transportation,32.71,0
0,C662396672,18-25,M,M348934600,transportation,37.73,0
0,C1741615821,26-35,M,M348934600,transportation,16.1,0
0,C1731249040,<18,F,M348934600,transportation,30.86,0
0,C743791359,26-35,F,M348934600,transportation,2.49,0
0,C1975714155,46-60,F,M1823072687,transportation,46.01,0
0,C1067134113,36-45,F,M1823072687,transportation,16.44,0
0,C560376591,18-25,F,M348934600,transportation,10.99,0
0,C399875163,18-25,M,M348934600,transportation,1.47,0
0,C1872482068,36-45,M,M348934600,transportation,14.89,0
0,C2084449024,36-45,F,M348934600,transportation,25.36,0
0,C75208519,18-25,M,M348934600,transportation,47.45,0
0,C1040980271,26-35,M,M348934600,transportation,9.57,0
0,C1486017704,26-35,F,M348934600,transportation,43.42,0
0,C671449181,26-35,F,M1198415165,wellnessandbeauty,38.48,0
0,C401828466,26-35,M,M348934600,transportation,5.18,0
0,C484268062,26-35,F,M348934600,transportation,23.75,0
0,C801383032,26-35,M,M151143676,barsandrestaurants,98.44,0
0,C69317479,26-35,F,M1823072687,transportation,39.67,0
0,C745099746,26-35,F,M348934600,transportation,53.78,0
0,C1862384239,36-45,M,M117188757,home,87.51,0
0,C125143024,46-60,M,M348934600,transportation,12.03,0
0,C676229147,18-25,M,M348934600,transportation,23.14,0
0,C1303935849,18-25,M,M348934600,transportation,26.04,0
0,C861479162,26-35,F,M348934600,transportation,30.35,0
0,C534961358,18-25,F,M348934600,transportation,28.69,0
0,C582688427,46-60,M,M348934600,transportation,14.13,0
0,C1532733169,26-35,M,M348934600,transportation,2.07,0
0,C1299474405,36-45,F,M348934600,transportation,26.77,0
0,C164104645,46-60,F,M1823072687,transportation,9.7,0
0,C1090528803,26-35,F,M348934600,transportation,34.28,0
0,C1179217322,46-60,F,M85975013,food,63.22,0
0,C1967337226,36-45,M,M1823072687,transportation,26.95,0
0,C737765767,18-25,F,M840466850,tech,247.76,0
0,C1750362802,46-60,M,M348934600,transportation,57.23,0
0,C338406777,26-35,F,M348934600,transportation,37.29,0
0,C2078039202,36-45,M,M1535107174,wellnessandbeauty,33.78,0
0,C1234264195,46-60,F,M348934600,transportation,40.93,0
0,C1882101149,36-45,M,M348934600,transportation,39.26,0
0,C2125787399,36-45,F,M348934600,transportation,17.19,0
0,C1027777422,18-25,M,M348934600,transportation,16.05,0
0,C723171448,36-45,M,M1823072687,transportation,39.06,0
0,C483009385,26-35,F,M348934600,transportation,34.43,0
0,C175698222,18-25,F,M1823072687,transportation,39.74,0
0,C310751417,18-25,F,M1823072687,transportation,37.12,0
0,C1731138845,18-25,F,M348934600,transportation,49.05,0
0,C488606576,18-25,F,M348934600,transportation,47.71,0
0,C1627004719,46-60,F,M348934600,transportation,43.65,0
0,C521087514,36-45,F,M348934600,transportation,9.54,0
0,C1812702959,26-35,F,M348934600,transportation,55.17,0
0,C1810630647,18-25,F,M1053599405,health,105.54,0
0,C96407618,36-45,F,M348934600,transportation,1.74,0
0,C1965496749,26-35,F,M348934600,transportation,4,0
0,C1450140987,36-45,F,M1198415165,wellnessandbeauty,220.11,1
0,C60026962,18-25,F,M1198415165,wellnessandbeauty,4.32,1
0,C476313806,46-60,F,M348934600,transportation,12.43,0
0,C826715503,46-60,M,M348934600,transportation,9.96,0
0,C58324694,26-35,F,M1823072687,transportation,25.62,0
0,C281474709,46-60,F,M348934600,transportation,21.7,0
0,C869954068,26-35,F,M151143676,barsandrestaurants,65.69,0
0,C168191673,<18,F,M1823072687,transportation,60.42,0
0,C1494829095,26-35,F,M348934600,transportation,39.78,0
0,C1761368684,<18,F,M348934600,transportation,29.18,0
0,C183270065,Unknown,F,M348934600,transportation,22.82,0
0,C747353905,18-25,M,M348934600,transportation,3.17,0
0,C1415998962,18-25,F,M1823072687,transportation,26.57,0
0,C1158738757,26-35,M,M348934600,transportation,17.37,0
0,C1597289593,36-45,F,M348934600,transportation,10.2,0
0,C1340235335,26-35,F,M348934600,transportation,37.29,0
0,C90085212,<18,M,M348934600,transportation,4.14,0
0,C150273597,36-45,M,M1823072687,transportation,23.07,0
0,C1238755034,36-45,M,M348934600,transportation,64.01,0
0,C245908628,26-35,M,M348934600,transportation,22.81,0
0,C1740004679,26-35,F,M348934600,transportation,33.33,0
0,C320437746,26-35,F,M1823072687,transportation,14.7,0
0,C1960297159,18-25,F,M348934600,transportation,0.88,0
0,C1078619612,60,F,M348934600,transportation,8.59,0
0,C1641760998,46-60,F,M348934600,transportation,36.18,0
0,C616528518,36-45,F,M349281107,fashion,6.21,0
0,C300052027,<18,F,M348934600,transportation,43.33,0
0,C881073190,18-25,F,M1823072687,transportation,12.92,0
0,C213197624,36-45,F,M348934600,transportation,19.45,0
0,C1899748276,46-60,F,M348934600,transportation,20.56,0
0,C1911281701,18-25,M,M348934600,transportation,3.84,0
0,C192974759,<18,F,M1741626453,sportsandtoys,1.22,0
0,C299858046,18-25,F,M348934600,transportation,33.94,0
0,C885208928,<18,U,M348934600,transportation,28.57,0
0,C2112563194,18-25,F,M348934600,transportation,10.75,0
0,C1970738826,36-45,M,M348934600,transportation,0.34,0
0,C735039923,26-35,F,M348934600,transportation,3.8,0
0,C1449000407,18-25,M,M348934600,transportation,31.02,0
0,C1681589600,18-25,F,M1823072687,transportation,7.56,0
0,C1598564853,18-25,M,M348934600,transportation,20.49,0
0,C331622323,36-45,F,M1823072687,transportation,37.84,0
0,C1611113200,60,M,M348934600,transportation,15.35,0
0,C2027052970,46-60,M,M348934600,transportation,29.82,0
0,C1388933025,18-25,F,M1823072687,transportation,65.41,0
0,C1847111025,26-35,M,M348934600,transportation,16.47,0
0,C1557448880,36-45,M,M348934600,transportation,69.95,0
0,C651594350,26-35,M,M348934600,transportation,64.03,0
0,C205797331,36-45,F,M1823072687,transportation,54.21,0
0,C817389751,46-60,F,M1823072687,transportation,49.89,0
0,C1005126300,36-45,F,M348934600,transportation,16.66,0
0,C1466730207,36-45,F,M547558035,fashion,46.45,0
0,C1685492470,18-25,F,M980657600,sportsandtoys,278.02,1
0,C1275518867,46-60,F,M980657600,sportsandtoys,69.53,1
0,C1314174420,18-25,M,M348934600,transportation,2.11,0
0,C913863966,60,M,M348934600,transportation,25.74,0
0,C1396904959,26-35,M,M348934600,transportation,9.17,0
0,C119537158,36-45,F,M348934600,transportation,34.73,0
0,C416536713,18-25,F,M348934600,transportation,5.37,0
0,C1783610571,18-25,F,M348934600,transportation,0.14,0
0,C47208933,36-45,F,M348934600,transportation,15.8,0
0,C261398093,26-35,F,M348934600,transportation,5.11,0
0,C607521473,18-25,M,M348934600,transportation,42.9,0
0,C1734879586,<18,F,M348934600,transportation,14.29,0
0,C1886601622,26-35,M,M348934600,transportation,25.15,0
0,C394469483,26-35,M,M348934600,transportation,5.47,0
0,C1461774305,26-35,F,M348934600,transportation,6.83,0
0,C1614239388,18-25,M,M1823072687,transportation,31.16,0
0,C1643168823,<18,F,M1823072687,transportation,13.04,0
0,C225675370,36-45,M,M840466850,tech,35.85,0
0,C196806031,26-35,F,M348934600,transportation,11.68,0
0,C393216567,46-60,F,M151143676,barsandrestaurants,17.19,0
0,C2115574807,46-60,F,M348934600,transportation,15.79,0
0,C1632932485,<18,M,M348934600,transportation,32.62,0
0,C576453501,36-45,M,M1823072687,transportation,11.99,0
0,C612005121,26-35,F,M348934600,transportation,32.96,0
0,C688041542,18-25,M,M1823072687,transportation,21.39,0
0,C1346358504,<18,M,M348934600,transportation,27.16,0
0,C1304285526,46-60,F,M348934600,transportation,30.33,0
0,C1882920635,18-25,M,M348934600,transportation,19.66,0
0,C46234453,26-35,F,M348934600,transportation,7.45,0
0,C2037169176,<18,F,M348934600,transportation,21.23,0
0,C1293338142,36-45,F,M348934600,transportation,13.21,0
0,C1783206868,46-60,F,M1823072687,transportation,19.36,0
0,C1542255731,18-25,F,M1823072687,transportation,39.11,0
0,C803065678,<18,M,M348934600,transportation,7.67,0
0,C1355010178,18-25,F,M1823072687,transportation,6.17,0
0,C1416816772,18-25,F,M348934600,transportation,38.69,0
0,C78938440,26-35,M,M348934600,transportation,58.61,0
0,C108940648,18-25,F,M1823072687,transportation,0.79,0
0,C545527660,<18,F,M348934600,transportation,28.97,0
0,C394979408,36-45,F,M348934600,transportation,33.3,0
0,C707326919,18-25,M,M1823072687,transportation,0.18,0
0,C719205737,26-35,F,M85975013,food,45,0
0,C746862122,26-35,M,M348934600,transportation,73.77,0
0,C449262890,18-25,M,M1823072687,transportation,23.79,0
0,C800379810,18-25,F,M348934600,transportation,44.47,0
0,C1342037956,46-60,F,M348934600,transportation,3.26,0
0,C782199851,18-25,F,M348934600,transportation,33.18,0
0,C1181615831,26-35,M,M17379832,sportsandtoys,10.64,0
0,C1560259762,26-35,F,M480139044,health,248.42,0
0,C895429374,18-25,F,M348934600,transportation,17.73,0
0,C986156699,26-35,F,M348934600,transportation,20.18,0
0,C354098761,18-25,F,M348934600,transportation,27.57,0
0,C1926972512,26-35,F,M348934600,transportation,4.46,0
0,C2005671734,18-25,F,M348934600,transportation,3.69,0
0,C440111595,18-25,F,M1823072687,transportation,54.02,0
0,C1256908044,26-35,F,M348934600,transportation,24.35,0
0,C326815335,<18,F,M348934600,transportation,5.28,0
0,C578700012,36-45,F,M348934600,transportation,33.27,0
0,C11453786,26-35,M,M348934600,transportation,63.23,0
0,C479535332,46-60,F,M348934600,transportation,2.56,0
0,C874212917,18-25,F,M348934600,transportation,44.88,0
0,C50049566,18-25,F,M1823072687,transportation,7.23,0
0,C1355273346,26-35,F,M348934600,transportation,32.63,0
0,C1256073744,26-35,M,M1823072687,transportation,11.42,0
0,C885081673,26-35,M,M85975013,food,51.96,0
0,C2126946323,18-25,F,M348934600,transportation,11.69,0
0,C1882290962,18-25,F,M692898500,health,237.48,0
0,C659009992,46-60,M,M348934600,transportation,37.16,0
0,C1379018843,46-60,M,M348934600,transportation,1.96,0
0,C320158645,18-25,M,M348934600,transportation,12.83,0
0,C475831512,18-25,F,M1823072687,transportation,38.2,0
0,C1156885344,36-45,M,M348934600,transportation,20.92,0
0,C432013067,<18,M,M348934600,transportation,37.59,0
0,C813128680,18-25,M,M348934600,transportation,13.43,0
0,C693174391,26-35,F,M1823072687,transportation,38.89,0
0,C1524407626,<18,M,M348934600,transportation,26.68,0
0,C1072577677,26-35,F,M348934600,transportation,18.4,0
0,C394488921,46-60,F,M980657600,sportsandtoys,21.56,0
0,C24198147,46-60,M,M151143676,barsandrestaurants,58.18,0
0,C1899001756,18-25,M,M85975013,food,31.59,0
0,C1541224095,18-25,F,M1823072687,transportation,40.67,0
0,C122290547,26-35,M,M1649169323,sportsandtoys,11.88,0
0,C56197730,18-25,M,M348934600,transportation,39.46,0
0,C1940951230,18-25,F,M348934600,transportation,73.59,0
0,C1983995504,18-25,F,M348934600,transportation,11.5,0
0,C668289079,46-60,F,M348934600,transportation,2.03,0
0,C1838948302,<18,M,M1352454843,hotelservices,1.89,0
0,C47376492,26-35,M,M1823072687,transportation,30.88,0
0,C1382187685,<18,F,M855959430,hyper,19.86,0
0,C170484334,<18,M,M348934600,transportation,30.07,0
0,C296571542,18-25,F,M348934600,transportation,36.11,0
0,C1728647108,18-25,M,M348934600,transportation,25.73,0
0,C1624351292,18-25,M,M1823072687,transportation,52.75,0
0,C437189630,36-45,F,M348934600,transportation,30.15,0
0,C1512444326,26-35,F,M85975013,food,35.74,0
0,C1187702596,26-35,M,M348934600,transportation,12.14,0
0,C490558731,46-60,M,M348934600,transportation,54.3,0
0,C1011693897,<18,F,M348934600,transportation,46.22,0
0,C1383269171,<18,F,M348934600,transportation,47.02,0
0,C1560893361,26-35,M,M1823072687,transportation,25.86,0
0,C2129810887,36-45,F,M1535107174,wellnessandbeauty,140.48,0
0,C1282114843,18-25,F,M348934600,transportation,19.18,0
0,C1837295173,18-25,M,M855959430,hyper,0.23,0
0,C2095429384,18-25,F,M348934600,transportation,18.47,0
0,C1777674460,18-25,F,M348934600,transportation,56.78,0
0,C1468773146,26-35,M,M348934600,transportation,23.73,0
0,C188084843,18-25,M,M348934600,transportation,38.51,0
0,C1279143519,46-60,F,M855959430,hyper,54.33,0
0,C1486961552,36-45,F,M348934600,transportation,16.07,0
0,C1828345671,36-45,M,M1823072687,transportation,23.59,0
0,C1035666255,18-25,M,M348934600,transportation,10.13,0
0,C383368009,36-45,F,M348934600,transportation,39.28,0
0,C798889135,26-35,M,M1946091778,wellnessandbeauty,33.96,0
0,C1075692577,26-35,M,M1823072687,transportation,36.52,0
0,C2119675022,60,F,M348934600,transportation,36.92,0
0,C1626218926,36-45,F,M348934600,transportation,2.99,0
0,C1292770722,36-45,F,M348934600,transportation,8.48,0
0,C1873506157,<18,M,M348934600,transportation,28.44,0
0,C717345438,26-35,M,M1823072687,transportation,31.44,0
0,C1532144144,<18,M,M348934600,transportation,0.78,0
0,C635603510,18-25,M,M348934600,transportation,39.42,0
0,C1761432742,18-25,F,M151143676,barsandrestaurants,10.43,0
0,C1983734850,26-35,M,M855959430,hyper,61.08,0
0,C563092648,60,F,M1053599405,health,113.52,0
0,C631654729,46-60,F,M151143676,barsandrestaurants,61.32,0
0,C186469824,36-45,F,M348934600,transportation,34.95,0
0,C1642689499,18-25,F,M348934600,transportation,34.07,0
0,C460218551,60,M,M348934600,transportation,18.07,0
0,C1368438034,36-45,M,M348934600,transportation,5.15,0
0,C747175090,46-60,F,M348934600,transportation,40.48,0
0,C509362814,26-35,M,M348934600,transportation,27.42,0
0,C437836513,18-25,M,M348934600,transportation,16.91,0
0,C475928775,36-45,F,M348934600,transportation,33.84,0
0,C1844076143,18-25,M,M85975013,food,44.32,0
0,C1037161656,18-25,F,M348934600,transportation,27.65,0
0,C292682242,26-35,M,M348934600,transportation,33.26,0
0,C1143300850,<18,F,M348934600,transportation,14.41,0
0,C875900250,36-45,M,M348934600,transportation,17.87,0
0,C461156176,46-60,F,M348934600,transportation,73.55,0
0,C12284077,26-35,F,M1823072687,transportation,69.89,0
0,C1415571957,18-25,M,M348934600,transportation,56.13,0
0,C1501782229,46-60,F,M348934600,transportation,48.51,0
0,C700940580,<18,F,M1823072687,transportation,31.19,0
0,C23569509,46-60,M,M348934600,transportation,24.49,0
0,C572958608,18-25,M,M348934600,transportation,17.74,0
0,C947315968,18-25,F,M1535107174,wellnessandbeauty,47.72,0
0,C480961011,26-35,M,M348934600,transportation,13,0
0,C106397937,46-60,M,M348934600,transportation,26.77,0
0,C1904416498,36-45,F,M85975013,food,24.47,0
0,C1580955370,18-25,M,M1823072687,transportation,60.06,0
0,C848293063,46-60,F,M348934600,transportation,42.83,0
0,C430579454,36-45,F,M1198415165,wellnessandbeauty,104.03,0
0,C507185945,18-25,F,M1535107174,wellnessandbeauty,67.52,0
0,C1642006830,26-35,F,M348934600,transportation,22.31,0
0,C474894075,36-45,F,M348934600,transportation,31.61,0
0,C297351696,<18,M,M348934600,transportation,9.68,0
0,C339931011,36-45,M,M1823072687,transportation,2.65,0
0,C1505467955,26-35,F,M1823072687,transportation,40.13,0
0,C1225704566,18-25,F,M1823072687,transportation,23.71,0
0,C419087520,18-25,M,M348934600,transportation,3.76,0
0,C1878500339,18-25,F,M348934600,transportation,10.82,0
0,C588937224,<18,M,M348934600,transportation,30.37,0
0,C30024621,18-25,F,M692898500,health,195.44,0
0,C1067165398,46-60,M,M348934600,transportation,47.11,0
0,C1594422820,36-45,F,M348934600,transportation,9.85,0
0,C2023751717,18-25,M,M348934600,transportation,0.82,0
0,C1436301390,18-25,F,M1823072687,transportation,9.09,0
0,C1499363341,46-60,M,M348934600,transportation,43.16,0
0,C1482659693,18-25,M,M348934600,transportation,13.02,0
0,C1646298550,18-25,F,M348934600,transportation,70.9,0
0,C636259913,<18,M,M348934600,transportation,24.57,0
0,C471003383,26-35,F,M348934600,transportation,20.77,0
0,C1433132752,26-35,M,M348934600,transportation,64.29,0
0,C1646712119,18-25,F,M1823072687,transportation,31.94,0
0,C1307916597,<18,F,M348934600,transportation,12.83,0
0,C632176173,18-25,M,M348934600,transportation,11.51,0
0,C1269635185,18-25,M,M348934600,transportation,20.83,0
0,C1494778598,26-35,M,M348934600,transportation,1.23,0
0,C44857022,36-45,F,M85975013,food,21.42,0
0,C855942730,26-35,F,M1823072687,transportation,37.16,0
0,C582173326,36-45,F,M348934600,transportation,26.11,0
0,C1812521679,36-45,M,M348934600,transportation,30.82,0
0,C1697472909,26-35,F,M348934600,transportation,0.83,0
0,C1167781928,60,M,M348934600,transportation,24.95,0
0,C1885719603,26-35,F,M348934600,transportation,26.15,0
0,C485578112,26-35,F,M348934600,transportation,4.12,0
0,C2102316964,18-25,M,M348934600,transportation,23.74,0
0,C1154612561,<18,M,M348934600,transportation,64.29,0
0,C1576250855,18-25,F,M348934600,transportation,0.55,0
0,C910969605,<18,F,M348934600,transportation,46.43,0
0,C121713128,18-25,F,M1823072687,transportation,16.94,0
0,C599293124,36-45,F,M348934600,transportation,31.75,0
0,C1930258744,36-45,M,M1823072687,transportation,40.57,0
0,C1402381285,36-45,F,M348934600,transportation,33.28,0
0,C1681976106,<18,M,M348934600,transportation,9.65,0
0,C1045652139,60,M,M348934600,transportation,71.06,0
0,C1127983201,60,F,M348934600,transportation,8.19,0
0,C1734487337,36-45,F,M1741626453,sportsandtoys,70.15,1
0,C204205576,26-35,F,M1741626453,sportsandtoys,238.82,1
0,C1591152121,26-35,M,M1053599405,health,142.49,0
0,C1092512638,26-35,F,M1053599405,health,128.99,0
0,C228023479,36-45,F,M348934600,transportation,6.76,0
0,C938915039,36-45,F,M348934600,transportation,9.23,0
0,C1652856443,18-25,M,M855959430,hyper,56.91,0
0,C371812005,18-25,M,M348934600,transportation,13.68,0
0,C763005836,26-35,F,M348934600,transportation,28.33,0
0,C846682077,26-35,M,M151143676,barsandrestaurants,20.74,0
0,C1314533733,18-25,M,M348934600,transportation,35.95,0
0,C1340398290,36-45,M,M855959430,hyper,34.69,0
0,C1812935919,46-60,M,M348934600,transportation,22.03,0
0,C806943770,36-45,F,M50039827,health,59.51,0
0,C166353588,18-25,F,M1535107174,wellnessandbeauty,21.03,0
0,C1987985724,18-25,M,M348934600,transportation,72.45,0
0,C1058785965,18-25,F,M151143676,barsandrestaurants,69.21,0
0,C719449879,60,F,M1823072687,transportation,63.95,0
0,C582022575,26-35,M,M348934600,transportation,22.84,0
0,C464042268,60,F,M1823072687,transportation,26.87,0
0,C1474786056,18-25,M,M348934600,transportation,34.69,0
0,C987677028,26-35,M,M348934600,transportation,17.08,0
0,C438957460,36-45,M,M1823072687,transportation,38.74,0
0,C1344489848,36-45,F,M348934600,transportation,59.78,0
0,C390271010,26-35,F,M348934600,transportation,17.86,0
0,C567897093,18-25,M,M348934600,transportation,34.84,0
0,C1125832994,26-35,F,M348934600,transportation,28.72,0
0,C935791733,26-35,U,M1823072687,transportation,33.12,0
0,C261768480,36-45,F,M348934600,transportation,42.82,0
0,C1625937550,18-25,F,M348934600,transportation,28.41,0
0,C1869142879,46-60,F,M348934600,transportation,47.07,0
0,C34111179,36-45,F,M348934600,transportation,71.53,0
0,C229592862,36-45,F,M348934600,transportation,16.76,0
0,C1377736719,46-60,M,M348934600,transportation,24.16,0
0,C1476491893,26-35,F,M348934600,transportation,10.84,0
0,C249473604,36-45,F,M348934600,transportation,17.49,0
0,C1446511647,26-35,F,M1823072687,transportation,38.36,0
0,C2027892936,36-45,F,M348934600,transportation,38.73,0
0,C1825851538,36-45,F,M480139044,health,55.82,0
0,C1775611696,<18,F,M348934600,transportation,22.46,0
0,C719332132,18-25,F,M348934600,transportation,36.46,0
0,C805483863,36-45,F,M1823072687,transportation,0.85,0
0,C334841918,18-25,M,M348934600,transportation,35.8,0
0,C1126112663,36-45,M,M348934600,transportation,7.09,0
0,C2087715408,26-35,F,M348934600,transportation,22.12,0
0,C71763178,26-35,M,M1823072687,transportation,26.92,0
0,C1739998964,18-25,F,M1823072687,transportation,21.89,0
0,C734397713,18-25,M,M348934600,transportation,13.72,0
0,C95715318,<18,F,M85975013,food,71.85,0
0,C467035555,18-25,F,M348934600,transportation,11.22,0
0,C846609537,46-60,M,M348934600,transportation,18.72,0
0,C2118328869,18-25,F,M348934600,transportation,53.57,0
0,C583110837,26-35,M,M480139044,health,667.09,1
0,C1079254393,<18,F,M480139044,health,520.5,1
0,C1567385001,18-25,F,M348934600,transportation,7.1,0
0,C1341662543,26-35,F,M348934600,transportation,80.35,0
0,C1228157206,<18,F,M97925176,wellnessandbeauty,46.1,0
0,C696806398,18-25,F,M1823072687,transportation,59.67,0
0,C1962291095,18-25,M,M348934600,transportation,8.65,0
0,C360019679,26-35,F,M348934600,transportation,8.83,0
0,C480118707,18-25,M,M348934600,transportation,65.26,0
0,C17166563,36-45,F,M348934600,transportation,43.59,0
0,C1209363182,26-35,F,M348934600,transportation,10.61,0
0,C942160317,18-25,M,M348934600,transportation,45.1,0
0,C212188289,36-45,M,M980657600,sportsandtoys,16.84,0
0,C1612748385,18-25,F,M348934600,transportation,46.94,0
0,C248927068,18-25,F,M348934600,transportation,38.25,0
0,C976209265,36-45,M,M348934600,transportation,34.66,0
0,C1412753123,26-35,F,M348934600,transportation,7.26,0
0,C1066456457,26-35,F,M348934600,transportation,24.61,0
0,C297745197,36-45,F,M348934600,transportation,40.91,0
0,C447509116,26-35,M,M348934600,transportation,23.08,0
0,C47652503,46-60,F,M1823072687,transportation,12.53,0
0,C393339341,26-35,M,M348934600,transportation,37.86,0
0,C885555910,46-60,F,M1823072687,transportation,19,0
0,C1607207670,18-25,F,M1823072687,transportation,25.7,0
0,C1562991705,46-60,F,M151143676,barsandrestaurants,52.39,0
0,C1135867657,60,M,M1823072687,transportation,102.34,0
0,C1546864044,<18,M,M348934600,transportation,4.54,0
0,C1193034305,36-45,F,M1823072687,transportation,11.17,0
0,C1368070837,18-25,F,M348934600,transportation,1.42,0
0,C413242191,36-45,F,M348934600,transportation,28.02,0
0,C2044183803,26-35,M,M348934600,transportation,7.57,0
0,C827822455,26-35,M,M348934600,transportation,19.88,0
0,C1201848792,18-25,F,M348934600,transportation,9.73,0
0,C1690793519,18-25,F,M1535107174,wellnessandbeauty,22.93,0
0,C351144071,18-25,M,M547558035,fashion,75.21,0
0,C1347371891,18-25,M,M348934600,transportation,6.15,0
0,C1814131114,18-25,F,M348934600,transportation,27.86,0
0,C1209651258,18-25,M,M855959430,hyper,20.72,0
0,C961515074,26-35,M,M85975013,food,10.31,0
0,C1005495267,<18,M,M1823072687,transportation,25.04,0
0,C260437492,26-35,F,M1823072687,transportation,22.22,0
0,C1558014544,26-35,M,M348934600,transportation,49.02,0
0,C1539370210,26-35,M,M348934600,transportation,4.22,0
0,C2059136665,18-25,M,M348934600,transportation,16.06,0
0,C709211172,36-45,F,M348934600,transportation,13.95,0
0,C1299496226,46-60,F,M348934600,transportation,15.57,0
0,C706757729,26-35,M,M923029380,home,24.8,0
0,C1517749848,18-25,F,M348934600,transportation,33.41,0
0,C1387070447,18-25,M,M348934600,transportation,24.97,0
0,C1823983599,18-25,F,M348934600,transportation,32.78,0
0,C1629765833,18-25,F,M209847108,wellnessandbeauty,8.81,0
0,C1969942970,26-35,M,M348934600,transportation,58.88,0
0,C718962269,26-35,F,M348934600,transportation,20.89,0
0,C879614402,<18,M,M348934600,transportation,25.03,0
0,C290487175,46-60,M,M1823072687,transportation,10.73,0
0,C478715873,46-60,F,M1823072687,transportation,24.7,0
0,C1158233054,18-25,F,M348934600,transportation,21.69,0
0,C53785803,26-35,M,M348934600,transportation,5.6,0
0,C208514238,26-35,M,M1823072687,transportation,54.36,0
0,C1117294574,<18,F,M840466850,tech,21.94,0
0,C790395954,60,F,M348934600,transportation,55.14,0
0,C1502465707,36-45,F,M348934600,transportation,53.77,0
0,C1018153896,26-35,F,M348934600,transportation,4.98,0
0,C1059874896,18-25,M,M348934600,transportation,39.34,0
0,C1552608695,60,F,M85975013,food,87.08,0
0,C1309027409,26-35,M,M1823072687,transportation,28.39,0
0,C1977634536,36-45,F,M85975013,food,85.88,0
0,C330615170,18-25,F,M1535107174,wellnessandbeauty,190.53,1
0,C330615170,18-25,F,M1535107174,wellnessandbeauty,451.92,1
0,C1090046399,18-25,M,M348934600,transportation,25.23,0
0,C1689884214,26-35,M,M348934600,transportation,33.16,0
0,C1298891864,18-25,F,M348934600,transportation,38.71,0
0,C915430510,18-25,F,M348934600,transportation,17.18,0
0,C2046797625,18-25,M,M348934600,transportation,34.69,0
0,C722399783,36-45,M,M1823072687,transportation,53.92,0
0,C1821582093,60,F,M348934600,transportation,52.11,0
0,C566628469,18-25,F,M1823072687,transportation,29.17,0
0,C10745331,36-45,F,M348934600,transportation,29.01,0
0,C1590346257,<18,F,M348934600,transportation,4.29,0
0,C100045114,36-45,M,M348934600,transportation,35.13,0
0,C25346278,26-35,M,M855959430,hyper,17.79,0
0,C2034859281,18-25,F,M348934600,transportation,16.6,0
0,C1040272582,18-25,M,M1823072687,transportation,50.19,0
0,C1680323951,18-25,F,M348934600,transportation,21.45,0
0,C1806072501,46-60,M,M348934600,transportation,31.49,0
0,C626467543,36-45,F,M348934600,transportation,17.81,0
0,C1897689911,26-35,M,M1946091778,wellnessandbeauty,109.8,0
0,C34676686,18-25,M,M923029380,home,130.55,0
0,C2063574289,<18,F,M348934600,transportation,45.94,0
0,C927696302,26-35,F,M348934600,transportation,18.79,0
0,C695108722,18-25,M,M348934600,transportation,42.78,0
0,C517412999,46-60,M,M348934600,transportation,39.2,0
0,C2049000934,46-60,M,M348934600,transportation,45.95,0
0,C698318224,18-25,F,M348934600,transportation,25.72,0
0,C1577104524,18-25,M,M348934600,transportation,42.4,0
0,C1719535099,26-35,F,M348934600,transportation,28.42,0
0,C1452053500,26-35,F,M348934600,transportation,11.48,0
0,C951660772,26-35,M,M1535107174,wellnessandbeauty,70.93,0
0,C1303226190,<18,F,M348934600,transportation,23.93,0
0,C551080865,18-25,F,M348934600,transportation,12.96,0
0,C1980302296,<18,F,M1823072687,transportation,17.68,0
0,C26746445,46-60,M,M348934600,transportation,44.68,0
0,C1830714840,36-45,F,M348934600,transportation,32.77,0
0,C461669469,60,F,M348934600,transportation,15.87,0
0,C1869757503,46-60,F,M348934600,transportation,48.61,0
0,C300112558,<18,F,M348934600,transportation,26.27,0
0,C295271306,60,F,M1823072687,transportation,17.32,0
0,C691894544,18-25,F,M1535107174,wellnessandbeauty,62,0
0,C1638268213,26-35,M,M1535107174,wellnessandbeauty,142.75,0
0,C345640256,36-45,F,M348934600,transportation,13.42,0
0,C775101977,26-35,M,M348934600,transportation,34.01,0
0,C711859898,26-35,F,M348934600,transportation,16.12,0
0,C118836015,<18,F,M348934600,transportation,5.48,0
0,C306854291,36-45,F,M85975013,food,42,0
0,C597908249,26-35,F,M1823072687,transportation,45.9,0
0,C571254990,26-35,F,M1198415165,wellnessandbeauty,63.81,0
0,C1047521541,46-60,M,M1823072687,transportation,1.91,0
0,C76313164,26-35,F,M348934600,transportation,49.03,0
0,C1227773968,<18,M,M348934600,transportation,20.27,0
0,C1745468920,18-25,F,M348934600,transportation,31.57,0
0,C87462443,<18,M,M855959430,hyper,44.1,0
0,C249282739,36-45,M,M348934600,transportation,54.8,0
0,C1434853621,<18,F,M348934600,transportation,14.34,0
0,C1213002113,<18,F,M348934600,transportation,0.64,0
0,C795132749,46-60,F,M151143676,barsandrestaurants,93.13,0
0,C236847402,26-35,M,M855959430,hyper,46.5,0
0,C1508025585,46-60,F,M348934600,transportation,39.41,0
0,C1646349423,18-25,M,M1353266412,hotelservices,153.11,0
0,C1355090926,26-35,F,M1535107174,wellnessandbeauty,105.99,0
0,C2040640036,<18,F,M348934600,transportation,5.64,0
0,C1420603517,26-35,M,M348934600,transportation,20.57,0
0,C1957046981,46-60,F,M348934600,transportation,30,0
0,C2112631749,18-25,F,M348934600,transportation,5.67,0
0,C280778280,18-25,M,M1823072687,transportation,0.91,0
0,C2144163136,<18,F,M348934600,transportation,28.32,0
0,C1199767081,26-35,F,M480139044,health,50.88,0
0,C778028540,18-25,F,M348934600,transportation,13.6,0
0,C971838371,36-45,F,M1823072687,transportation,6.22,0
0,C2055186059,26-35,F,M1823072687,transportation,11.09,0
0,C1876476635,18-25,M,M1823072687,transportation,7.88,0
0,C1962137244,60,M,M1823072687,transportation,46.82,0
0,C109617474,18-25,F,M348934600,transportation,15.6,0
0,C724380392,18-25,F,M348934600,transportation,33.32,0
0,C451582208,46-60,F,M348934600,transportation,43.23,0
0,C1877766749,18-25,M,M348934600,transportation,24.44,0
0,C1375103798,26-35,F,M1053599405,health,74.25,0
0,C1788358708,18-25,F,M348934600,transportation,30.92,0
0,C1674379117,26-35,F,M348934600,transportation,43.27,0
0,C1204046804,46-60,F,M348934600,transportation,29.91,0
0,C1801713151,36-45,F,M348934600,transportation,75.11,0
0,C1354799046,26-35,M,M85975013,food,39,0
0,C1275518867,46-60,F,M980657600,sportsandtoys,305.11,1
0,C1685492470,18-25,F,M980657600,sportsandtoys,764,1
0,C12662072,36-45,F,M348934600,transportation,53.73,0
0,C858011639,26-35,M,M1823072687,transportation,28.71,0
0,C114388565,36-45,M,M348934600,transportation,10.99,0
0,C381446674,46-60,F,M348934600,transportation,30.63,0
0,C662948645,60,F,M1823072687,transportation,46.5,0
0,C924804429,26-35,M,M348934600,transportation,54.6,0
0,C1922157108,18-25,F,M348934600,transportation,34.61,0
0,C1701618194,18-25,F,M1823072687,transportation,4.14,0
0,C911364935,26-35,M,M348934600,transportation,13.9,0
0,C1018388493,18-25,M,M1823072687,transportation,5.15,0
0,C637831009,26-35,F,M1823072687,transportation,20.61,0
0,C577335130,36-45,M,M1888755466,otherservices,25,0
0,C1861439904,<18,M,M348934600,transportation,16.18,0
0,C834739424,26-35,F,M1823072687,transportation,41.24,0
0,C1392385769,26-35,M,M348934600,transportation,13.17,0
0,C1210957250,26-35,F,M348934600,transportation,19.79,0
0,C267593624,<18,F,M348934600,transportation,28.33,0
0,C85945497,36-45,F,M348934600,transportation,25.01,0
0,C220904895,26-35,M,M348934600,transportation,31.57,0
0,C1974668487,18-25,M,M348934600,transportation,5.85,0
0,C750714109,26-35,F,M348934600,transportation,30.13,0
0,C1815981756,36-45,F,M348934600,transportation,6.52,0
0,C975044667,18-25,F,M348934600,transportation,26.34,0
0,C2110532720,26-35,F,M348934600,transportation,41.72,0
0,C2116616608,36-45,F,M348934600,transportation,34.73,0
0,C240900578,<18,M,M348934600,transportation,42.62,0
0,C255101565,<18,F,M348934600,transportation,32.17,0
0,C861856179,<18,M,M348934600,transportation,29.13,0
0,C1743392358,36-45,M,M348934600,transportation,6.04,0
0,C49915499,36-45,M,M348934600,transportation,26.17,0
0,C744066701,18-25,F,M348934600,transportation,18.05,0
0,C1763311989,18-25,M,M348934600,transportation,7.69,0
0,C35785606,18-25,F,M348934600,transportation,62.33,0
0,C1838681949,26-35,M,M85975013,food,35.46,0
0,C769422228,18-25,F,M1198415165,wellnessandbeauty,70.8,0
0,C277720476,36-45,M,M1823072687,transportation,10.07,0
0,C60026962,18-25,F,M692898500,health,27.84,0
0,C200459252,<18,M,M348934600,transportation,56.85,0
0,C830078297,46-60,F,M348934600,transportation,37.92,0
0,C731767226,60,M,M348934600,transportation,65.3,0
0,C22920054,26-35,M,M348934600,transportation,13.32,0
0,C1645276019,18-25,M,M1823072687,transportation,16.34,0
0,C1941160297,<18,F,M348934600,transportation,32.49,0
0,C786249459,36-45,M,M348934600,transportation,16.6,0
0,C1155962240,18-25,F,M348934600,transportation,12.76,0
0,C2051145244,46-60,M,M348934600,transportation,25.56,0
0,C872043603,36-45,F,M1741626453,sportsandtoys,110.3,0
0,C155920620,18-25,M,M348934600,transportation,19.03,0
0,C1612832553,<18,F,M1198415165,wellnessandbeauty,58.17,0
0,C1126297464,18-25,F,M1823072687,transportation,36.72,0
0,C1101633489,<18,F,M1535107174,wellnessandbeauty,2.05,0
0,C1634901253,<18,F,M1823072687,transportation,4.06,0
0,C907665937,18-25,F,M1823072687,transportation,22.94,0
0,C539791425,36-45,F,M1823072687,transportation,15.28,0
0,C936786093,46-60,F,M348934600,transportation,26.18,0
0,C1303555047,26-35,M,M348934600,transportation,7.25,0
0,C1093060677,18-25,M,M348934600,transportation,12.78,0
0,C2074563683,18-25,M,M348934600,transportation,37.64,0
0,C962248715,26-35,F,M348934600,transportation,27.41,0
0,C42779194,60,F,M348934600,transportation,16.44,0
0,C78230690,18-25,F,M85975013,food,70.36,0
0,C1073155388,18-25,M,M348934600,transportation,36.04,0
0,C59912595,18-25,F,M348934600,transportation,8.48,0
0,C1767929602,18-25,F,M1823072687,transportation,7.94,0
0,C1306889886,<18,M,M348934600,transportation,48.53,0
0,C96508773,36-45,F,M348934600,transportation,31.53,0
0,C1189231170,26-35,M,M348934600,transportation,40.48,0
0,C1634492186,26-35,M,M348934600,transportation,19.01,0
0,C1187799344,26-35,M,M348934600,transportation,8.03,0
0,C1267913176,18-25,M,M349281107,fashion,9,0
0,C1921248691,Unknown,F,M348934600,transportation,14.6,0
0,C871505790,18-25,F,M348934600,transportation,47.02,0
0,C1283534588,26-35,M,M348934600,transportation,38.85,0
0,C396716441,46-60,F,M348934600,transportation,48.68,0
0,C1814746822,<18,M,M348934600,transportation,38.95,0
0,C548427290,26-35,M,M2011752106,hotelservices,4.37,0
0,C1254064510,46-60,F,M348934600,transportation,23.78,0
0,C958780730,36-45,M,M85975013,food,59.26,0
0,C830856919,60,M,M348934600,transportation,20.4,0
0,C1973547259,26-35,M,M348934600,transportation,28,0
0,C2096265838,26-35,M,M348934600,transportation,45.23,0
0,C928479694,46-60,M,M1823072687,transportation,53.04,0
0,C229665572,46-60,F,M348934600,transportation,21.21,0
0,C1632035340,60,M,M348934600,transportation,29.35,0
0,C868096672,<18,M,M348934600,transportation,20.75,0
0,C682298914,18-25,F,M348934600,transportation,26.61,0
0,C718801730,18-25,M,M348934600,transportation,40.51,0
0,C1121327223,18-25,F,M85975013,food,64.66,0
0,C1740393527,18-25,F,M1823072687,transportation,1.94,0
0,C82010125,26-35,M,M1535107174,wellnessandbeauty,22.73,0
0,C99594781,18-25,F,M348934600,transportation,12.32,0
0,C36546691,26-35,F,M1823072687,transportation,71.37,0
0,C1622415837,18-25,F,M348934600,transportation,33.94,0
0,C772895850,26-35,M,M348934600,transportation,36.03,0
0,C1638237205,26-35,M,M348934600,transportation,18.8,0
0,C214836772,18-25,M,M348934600,transportation,49.55,0
0,C1124449361,60,M,M348934600,transportation,19.59,0
0,C1200336063,18-25,M,M1823072687,transportation,41.62,0
0,C1610467120,18-25,M,M348934600,transportation,21.08,0
0,C445432762,36-45,F,M1823072687,transportation,32.91,0
0,C2030210340,18-25,M,M85975013,food,30.9,0
0,C1127069069,18-25,F,M348934600,transportation,21.49,0
0,C369805136,36-45,M,M348934600,transportation,40.77,0
0,C978276840,18-25,F,M1842530320,tech,205.83,0
0,C1768385310,18-25,F,M348934600,transportation,77.41,0
0,C1564260047,26-35,F,M348934600,transportation,25.87,0
0,C1968624098,18-25,F,M348934600,transportation,29.64,0
0,C171498975,<18,M,M348934600,transportation,7.33,0
0,C775533998,18-25,F,M855959430,hyper,40.29,0
0,C1402203755,26-35,M,M348934600,transportation,32.4,0
0,C983636862,26-35,M,M85975013,food,42.86,0
0,C351252839,26-35,F,M85975013,food,16.98,0
0,C1038215695,36-45,M,M2122776122,home,328.02,1
0,C1764447156,26-35,F,M2122776122,home,707.22,1
0,C1056476734,18-25,M,M348934600,transportation,12.78,0
0,C1490048317,60,F,M209847108,wellnessandbeauty,48.5,0
0,C1413774656,18-25,F,M692898500,health,15.04,0
0,C864725258,46-60,F,M348934600,transportation,20.5,0
0,C530747890,36-45,F,M85975013,food,4.51,0
0,C652253057,46-60,M,M1842530320,tech,52.58,0
0,C1440310601,46-60,F,M348934600,transportation,8.56,0
0,C1943367280,26-35,F,M348934600,transportation,47.76,0
0,C1474976180,18-25,F,M855959430,hyper,50.45,0
0,C2078460335,60,F,M348934600,transportation,62.23,0
0,C1870926183,36-45,M,M348934600,transportation,18.74,0
0,C1379814778,18-25,F,M348934600,transportation,45.9,0
0,C1336232196,26-35,F,M348934600,transportation,2.63,0
0,C1192874833,36-45,F,M1823072687,transportation,9.84,0
0,C1903765775,26-35,M,M1823072687,transportation,2.66,0
0,C446179646,46-60,F,M348934600,transportation,7.67,0
0,C620551378,18-25,F,M348934600,transportation,12.14,0
0,C1923945958,18-25,M,M1946091778,wellnessandbeauty,36.6,0
0,C478820701,26-35,M,M1823072687,transportation,10.65,0
0,C1781924994,<18,M,M840466850,tech,20.23,0
0,C564473555,18-25,F,M348934600,transportation,27.06,0
0,C1909782411,36-45,F,M85975013,food,7.27,0
0,C707234445,18-25,M,M348934600,transportation,3.84,0
0,C1342118588,26-35,F,M348934600,transportation,14.95,0
0,C607479057,26-35,F,M348934600,transportation,19.83,0
0,C585317135,26-35,M,M348934600,transportation,14.03,0
0,C499760818,26-35,M,M1888755466,otherservices,84.39,0
0,C1524019070,26-35,M,M348934600,transportation,44.74,0
0,C268949400,36-45,M,M348934600,transportation,22.55,0
0,C1881279773,36-45,F,M348934600,transportation,53.88,0
0,C85676975,36-45,M,M1823072687,transportation,27.29,0
0,C742560751,18-25,F,M348934600,transportation,52.86,0
0,C787259637,<18,F,M348934600,transportation,8.15,0
0,C1467832188,26-35,M,M348934600,transportation,6.09,0
0,C1280960686,18-25,M,M348934600,transportation,7.26,0
0,C169274898,26-35,F,M348934600,transportation,52.32,0
0,C634714812,26-35,M,M1823072687,transportation,24.05,0
0,C1385406679,18-25,M,M348934600,transportation,60.8,0
0,C1464030920,<18,F,M348934600,transportation,35.79,0
0,C572709519,36-45,F,M1823072687,transportation,10.85,0
0,C582479974,18-25,M,M348934600,transportation,35.59,0
0,C1545484501,18-25,M,M1823072687,transportation,27.23,0
0,C182918114,46-60,F,M1535107174,wellnessandbeauty,128.26,0
0,C944634193,46-60,F,M348934600,transportation,7.4,0
0,C1527362143,60,M,M348934600,transportation,66.85,0
0,C69477057,26-35,M,M348934600,transportation,68.05,0
0,C1110919755,<18,F,M348934600,transportation,4.12,0
0,C1645168081,26-35,F,M1823072687,transportation,38.55,0
0,C150820973,18-25,F,M348934600,transportation,38.62,0
0,C555482626,26-35,F,M209847108,wellnessandbeauty,198.58,1
0,C792341594,26-35,M,M209847108,wellnessandbeauty,304.21,1
0,C792341594,26-35,M,M348934600,transportation,36.41,0
0,C88292631,36-45,M,M1823072687,transportation,8.04,0
0,C1600873622,36-45,F,M348934600,transportation,76.28,0
0,C987955759,46-60,F,M1823072687,transportation,10.06,0
0,C332611573,18-25,F,M348934600,transportation,82.33,0
0,C311783581,26-35,M,M1823072687,transportation,21.44,0
0,C83651461,18-25,F,M348934600,transportation,28.8,0
0,C2053277267,<18,M,M348934600,transportation,56.63,0
0,C407368472,26-35,M,M348934600,transportation,60.67,0
0,C1445931696,36-45,M,M348934600,transportation,7.54,0
0,C404075543,36-45,M,M348934600,transportation,53.17,0
0,C129386345,26-35,M,M348934600,transportation,7.78,0
0,C647327489,18-25,M,M1823072687,transportation,2.06,0
0,C1692967183,26-35,F,M348934600,transportation,35.84,0
0,C1885919902,26-35,F,M348934600,transportation,57.07,0
0,C2027310658,36-45,F,M1535107174,wellnessandbeauty,154.77,1
0,C967677653,36-45,F,M1535107174,wellnessandbeauty,122.04,1
0,C373567366,36-45,F,M348934600,transportation,30.49,0
0,C1598762673,26-35,M,M1823072687,transportation,7.69,0
0,C1830336096,36-45,M,M1053599405,health,0.72,0
0,C1236509536,36-45,F,M348934600,transportation,21.29,0
0,C1039748502,18-25,F,M348934600,transportation,52.13,0
0,C1719044180,18-25,M,M85975013,food,6.86,0
0,C1864768620,18-25,F,M348934600,transportation,1.57,0
0,C1802570035,36-45,F,M855959430,hyper,27.76,0
0,C530444699,46-60,M,M348934600,transportation,39.51,0
0,C423891632,46-60,M,M348934600,transportation,56.17,0
0,C2132916640,46-60,M,M348934600,transportation,39.91,0
0,C297347471,36-45,M,M348934600,transportation,60.57,0
0,C735563623,26-35,F,M348934600,transportation,11.86,0
0,C1763624260,60,F,M348934600,transportation,5.13,0
0,C375144053,60,F,M980657600,sportsandtoys,881.04,1
0,C375144053,60,F,M980657600,sportsandtoys,83.07,1
0,C1690998552,18-25,F,M348934600,transportation,33.09,0
0,C606355103,36-45,F,M348934600,transportation,27.56,0
0,C157427068,<18,M,M348934600,transportation,25.12,0
0,C531724764,36-45,F,M348934600,transportation,14.83,0
0,C2120296918,36-45,F,M348934600,transportation,11.07,0
0,C663226052,26-35,F,M348934600,transportation,23.56,0
0,C1909173090,46-60,F,M348934600,transportation,41.2,0
0,C30336615,18-25,M,M348934600,transportation,48.1,0
0,C2021849962,36-45,F,M348934600,transportation,10.46,0
0,C867847701,<18,F,M348934600,transportation,12.27,0
0,C514864285,18-25,F,M348934600,transportation,13.91,0
0,C1122213892,18-25,M,M1823072687,transportation,19.31,0
0,C1918935856,36-45,M,M348934600,transportation,27.99,0
0,C1272188168,46-60,F,M348934600,transportation,58.78,0
0,C2028528769,46-60,M,M348934600,transportation,8.54,0
0,C1554037473,36-45,F,M348934600,transportation,8.84,0
0,C1289081546,36-45,F,M348934600,transportation,8.67,0
0,C1968779147,46-60,M,M1823072687,transportation,0.99,0
0,C1582152156,46-60,M,M348934600,transportation,48.44,0
0,C1674674654,46-60,M,M1823072687,transportation,37.83,0
0,C1913473991,18-25,M,M85975013,food,50.95,0
0,C408690006,<18,M,M1823072687,transportation,41.97,0
0,C2075157607,18-25,F,M348934600,transportation,29.36,0
0,C510934446,<18,F,M85975013,food,39.41,0
0,C236106052,<18,M,M1823072687,transportation,5.25,0
0,C1950237952,36-45,F,M348934600,transportation,36.37,0
0,C1484573422,46-60,M,M348934600,transportation,44.71,0
0,C446298173,36-45,F,M348934600,transportation,21.87,0
0,C158030246,36-45,F,M348934600,transportation,55.62,0
0,C1503504810,<18,F,M348934600,transportation,26.44,0
0,C1051682954,18-25,F,M348934600,transportation,11.52,0
0,C970704037,18-25,M,M348934600,transportation,16.64,0
0,C1426091756,<18,F,M348934600,transportation,27.36,0
0,C1698214137,46-60,F,M1823072687,transportation,42.57,0
0,C181111540,18-25,F,M348934600,transportation,70.27,0
0,C969635352,18-25,F,M348934600,transportation,11.53,0
0,C1506066038,46-60,M,M348934600,transportation,16.36,0
0,C2111849765,18-25,M,M1823072687,transportation,19.3,0
0,C203802515,<18,F,M1053599405,health,139.34,0
0,C1735726583,46-60,M,M348934600,transportation,49.55,0
0,C814079066,<18,F,M348934600,transportation,5.84,0
0,C1034685704,18-25,F,M348934600,transportation,24.6,0
0,C590614528,18-25,F,M348934600,transportation,28.45,0
0,C781322360,26-35,M,M348934600,transportation,21.37,0
0,C816519533,<18,F,M348934600,transportation,34.26,0
0,C825622087,18-25,F,M348934600,transportation,27.67,0
0,C1883823119,36-45,M,M348934600,transportation,13.86,0
0,C2084933658,<18,F,M348934600,transportation,37.26,0
0,C620542168,18-25,M,M348934600,transportation,27.31,0
0,C1864289868,36-45,F,M348934600,transportation,25.69,0
0,C1153943594,18-25,M,M348934600,transportation,9.79,0
0,C1510459992,26-35,M,M348934600,transportation,23.22,0
0,C460167545,46-60,F,M348934600,transportation,0.46,0
0,C2062758473,18-25,F,M348934600,transportation,4.48,0
0,C1914057832,18-25,F,M348934600,transportation,12.87,0
0,C1819254965,60,M,M348934600,transportation,0.73,0
0,C481108455,26-35,M,M348934600,transportation,7.11,0
0,C1687903356,<18,F,M348934600,transportation,39.32,0
0,C1901383731,36-45,F,M348934600,transportation,0.77,0
0,C1394454342,<18,M,M348934600,transportation,21.26,0
0,C1999699557,26-35,F,M348934600,transportation,22.9,0
0,C980876590,18-25,F,M348934600,transportation,26.06,0
0,C359363895,60,M,M1649169323,sportsandtoys,139.95,0
0,C1148364854,46-60,F,M348934600,transportation,38.44,0
0,C927282395,36-45,F,M85975013,food,66.52,0
0,C1525581466,<18,F,M348934600,transportation,40.89,0
0,C207380283,26-35,F,M1823072687,transportation,38.97,0
0,C487243829,26-35,M,M348934600,transportation,8,0
0,C1591612680,18-25,M,M348934600,transportation,29.11,0
0,C1014313887,46-60,F,M348934600,transportation,39.85,0
0,C629808856,26-35,M,M348934600,transportation,25.74,0
0,C598452144,26-35,M,M348934600,transportation,23.09,0
0,C825969892,18-25,M,M348934600,transportation,22,0
0,C367433559,18-25,M,M348934600,transportation,26.15,0
0,C99017559,26-35,M,M1823072687,transportation,36.21,0
0,C597641228,18-25,M,M348934600,transportation,2,0
0,C2134399963,18-25,M,M85975013,food,73.9,0
0,C779872024,26-35,M,M1823072687,transportation,3.63,0
0,C171977183,36-45,M,M348934600,transportation,59.9,0
0,C1780829982,<18,M,M855959430,hyper,60.83,0
0,C1273015960,18-25,M,M348934600,transportation,49.46,0
0,C1903005844,18-25,F,M349281107,fashion,46.84,0
0,C402758720,26-35,F,M348934600,transportation,14.29,0
0,C1267365709,26-35,F,M348934600,transportation,35.66,0
0,C1875710426,26-35,M,M1823072687,transportation,47.93,0
0,C351880818,<18,M,M348934600,transportation,48.41,0
0,C1191832390,18-25,M,M348934600,transportation,30.9,0
0,C429242189,<18,F,M1823072687,transportation,53.58,0
0,C1200798307,36-45,F,M348934600,transportation,33.36,0
0,C65683893,26-35,F,M348934600,transportation,63.15,0
0,C836424975,26-35,M,M1053599405,health,44.65,0
0,C186769596,18-25,F,M348934600,transportation,8.39,0
0,C2016890783,46-60,F,M348934600,transportation,25.79,0
0,C1225717157,46-60,M,M348934600,transportation,15.43,0
0,C198230909,36-45,F,M348934600,transportation,21.04,0
0,C231044523,<18,M,M1823072687,transportation,52.02,0
0,C855082400,18-25,M,M348934600,transportation,26.79,0
0,C474847450,18-25,M,M1198415165,wellnessandbeauty,102.51,0
0,C1264224372,36-45,M,M348934600,transportation,7.97,0
0,C1542180842,36-45,F,M1823072687,transportation,12.25,0
0,C15276068,18-25,M,M348934600,transportation,27.16,0
0,C433139335,Unknown,F,M348934600,transportation,33.07,0
0,C153258882,36-45,F,M151143676,barsandrestaurants,64.31,0
0,C712473227,<18,F,M348934600,transportation,34.64,0
0,C317314063,18-25,M,M348934600,transportation,17.06,0
0,C905744010,18-25,F,M348934600,transportation,22.9,0
0,C1233802034,26-35,F,M1823072687,transportation,0.88,0
0,C989137613,36-45,F,M547558035,fashion,65.17,0
0,C1744581762,26-35,F,M348934600,transportation,13.94,0
0,C1520545421,<18,M,M348934600,transportation,56.57,0
0,C1343106500,36-45,F,M1823072687,transportation,64.62,0
0,C1910153505,18-25,M,M348934600,transportation,45.1,0
0,C77415586,26-35,M,M348934600,transportation,6.34,0
0,C1236489588,18-25,F,M348934600,transportation,7.39,0
0,C1207877529,26-35,M,M1823072687,transportation,9.01,0
0,C325775693,26-35,F,M1823072687,transportation,29.13,0
0,C783189419,Unknown,F,M1198415165,wellnessandbeauty,88.53,0
0,C252172114,18-25,M,M85975013,food,49.79,0
0,C1529464275,<18,M,M348934600,transportation,7.58,0
0,C1249352100,46-60,M,M348934600,transportation,25.29,0
0,C458379262,46-60,F,M348934600,transportation,27.04,0
0,C2120633706,<18,F,M677738360,contents,64.19,0
0,C1051356798,18-25,F,M85975013,food,83.87,0
0,C759915530,18-25,M,M348934600,transportation,6.41,0
0,C259132706,60,F,M348934600,transportation,27.66,0
0,C2092733799,18-25,F,M1823072687,transportation,11.14,0
0,C2132909556,18-25,M,M1823072687,transportation,18.48,0
0,C469059843,46-60,F,M348934600,transportation,32.91,0
0,C1134994937,46-60,M,M348934600,transportation,37.99,0
0,C1585648581,36-45,F,M348934600,transportation,22.13,0
0,C1404684380,46-60,F,M923029380,home,51.48,0
0,C1870640785,36-45,M,M348934600,transportation,11.27,0
0,C891364505,26-35,F,M1823072687,transportation,16.47,0
0,C1729776721,36-45,M,M1823072687,transportation,6.67,0
0,C1141524074,26-35,M,M151143676,barsandrestaurants,10.23,0
0,C727658706,46-60,F,M348934600,transportation,5.87,0
0,C919751066,18-25,F,M1823072687,transportation,59.43,0
0,C1273885837,46-60,F,M1823072687,transportation,33.86,0
0,C1904086644,46-60,F,M348934600,transportation,17.72,0
0,C161733249,36-45,M,M348934600,transportation,39.75,0
0,C1189752912,18-25,F,M1053599405,health,65.19,0
0,C1028143403,26-35,M,M348934600,transportation,21.5,0
0,C168579211,26-35,F,M855959430,hyper,37.54,0
0,C695481887,46-60,M,M348934600,transportation,37.39,0
0,C1530157952,18-25,F,M348934600,transportation,21.28,0
0,C196888452,36-45,M,M1823072687,transportation,21.19,0
0,C1165454845,18-25,M,M348934600,transportation,15.51,0
0,C1141481813,46-60,M,M348934600,transportation,42.74,0
0,C2136232396,60,F,M348934600,transportation,46.76,0
0,C525158878,18-25,F,M1823072687,transportation,15.88,0
0,C1971153898,26-35,M,M348934600,transportation,30.89,0
0,C270217031,26-35,F,M348934600,transportation,8.94,0
0,C377517197,26-35,F,M348934600,transportation,34.5,0
0,C1955375790,26-35,M,M348934600,transportation,1.8,0
0,C480951921,46-60,M,M348934600,transportation,32.3,0
0,C180936571,18-25,M,M348934600,transportation,44.68,0
0,C1214780453,60,F,M348934600,transportation,53.88,0
0,C1562537029,46-60,F,M348934600,transportation,6.47,0
0,C116665031,18-25,F,M348934600,transportation,1.38,0
0,C1734287915,18-25,F,M348934600,transportation,15.87,0
0,C528877098,60,F,M855959430,hyper,6.18,0
0,C1284515419,60,F,M348934600,transportation,56.5,0
0,C831378949,18-25,M,M348934600,transportation,30.29,0
0,C158319863,46-60,F,M840466850,tech,41.7,0
0,C1809615650,36-45,M,M348934600,transportation,37.54,0
0,C581581060,26-35,F,M348934600,transportation,16.17,0
0,C1489836575,18-25,F,M348934600,transportation,25.68,0
0,C2082605784,26-35,M,M348934600,transportation,42.36,0
0,C1629152705,60,M,M348934600,transportation,2.59,0
0,C1640022626,60,M,M1823072687,transportation,19.91,0
0,C1814870538,26-35,M,M348934600,transportation,11.13,0
0,C966602067,36-45,M,M348934600,transportation,24.24,0
0,C1874220848,18-25,M,M1823072687,transportation,41.09,0
0,C1224222502,<18,M,M348934600,transportation,35.98,0
0,C1039035065,46-60,F,M348934600,transportation,36.93,0
0,C165037464,<18,F,M1823072687,transportation,28.42,0
0,C236932311,18-25,F,M348934600,transportation,1.79,0
0,C1965708710,<18,M,M1823072687,transportation,11.48,0
0,C959023117,26-35,M,M348934600,transportation,11.06,0
0,C680687990,36-45,F,M348934600,transportation,43.62,0
0,C1846201961,26-35,M,M348934600,transportation,9,0
0,C39607150,36-45,F,M1823072687,transportation,31.85,0
0,C1691073795,18-25,F,M348934600,transportation,21.39,0
0,C1376050027,18-25,F,M855959430,hyper,23.66,0
0,C1166683343,18-25,F,M348934600,transportation,45.04,0
0,C1942983218,36-45,F,M348934600,transportation,49.24,0
0,C268686998,26-35,M,M1823072687,transportation,5.14,0
0,C1421006824,18-25,F,M348934600,transportation,35.94,0
0,C67418210,26-35,M,M348934600,transportation,29.7,0
0,C1065812935,60,F,M857378720,hotelservices,154.83,0
0,C689850593,26-35,M,M348934600,transportation,24.57,0
0,C851731350,36-45,M,M348934600,transportation,29.86,0
0,C483485800,36-45,F,M348934600,transportation,2.79,0
0,C1953142190,18-25,M,M348934600,transportation,5.05,0
0,C76780537,60,F,M348934600,transportation,59.54,0
0,C870503362,18-25,F,M348934600,transportation,22.31,0
0,C1236503001,18-25,F,M348934600,transportation,8.97,0
0,C1175419672,18-25,M,M348934600,transportation,13.11,0
0,C1129461636,<18,M,M1823072687,transportation,20.5,0
0,C189823798,46-60,M,M1748431652,wellnessandbeauty,28.74,0
0,C2064491438,46-60,F,M923029380,home,79.58,0
0,C814878326,26-35,F,M348934600,transportation,17.94,0
0,C669906110,26-35,F,M348934600,transportation,19.91,0
0,C1457388461,18-25,F,M348934600,transportation,2.64,0
0,C208889378,36-45,M,M348934600,transportation,21.71,0
0,C285984841,26-35,M,M209847108,wellnessandbeauty,111.98,0
0,C311188483,46-60,M,M480139044,health,83.93,0
0,C282483842,36-45,F,M1823072687,transportation,27.62,0
0,C486343841,26-35,M,M348934600,transportation,31.5,0
0,C1650590141,26-35,F,M348934600,transportation,15.49,0
0,C1657707912,<18,M,M348934600,transportation,8.59,0
0,C366069783,36-45,F,M348934600,transportation,14.56,0
0,C1038722314,36-45,M,M348934600,transportation,1.61,0
0,C278676105,26-35,F,M348934600,transportation,26.03,0
0,C2079453894,26-35,F,M1823072687,transportation,35.05,0
0,C1349106433,36-45,M,M348934600,transportation,45.39,0
0,C583110837,26-35,M,M547558035,fashion,81.67,0
0,C1597422235,26-35,F,M348934600,transportation,35.94,0
0,C1708732499,18-25,M,M348934600,transportation,11.5,0
0,C470079617,46-60,F,M348934600,transportation,32.69,0
0,C235397460,18-25,M,M348934600,transportation,13.18,0
0,C1743327214,18-25,M,M348934600,transportation,35.38,0
0,C1731163929,18-25,F,M1946091778,wellnessandbeauty,32.51,0
0,C1263107170,18-25,F,M348934600,transportation,33.08,0
0,C983659750,18-25,M,M348934600,transportation,51.03,0
0,C1513653440,36-45,M,M348934600,transportation,26.5,0
0,C880625364,18-25,M,M348934600,transportation,23.2,0
0,C1155259690,18-25,F,M1823072687,transportation,3.17,0
0,C2031167542,18-25,M,M348934600,transportation,51.64,0
0,C1341583263,18-25,M,M1823072687,transportation,24.14,0
0,C75278863,<18,F,M1313686961,contents,71.41,0
0,C444370508,46-60,F,M348934600,transportation,16.08,0
0,C41461366,26-35,F,M348934600,transportation,62.99,0
0,C1177396126,18-25,M,M348934600,transportation,42.28,0
0,C1895811684,36-45,F,M1823072687,transportation,20.83,0
0,C2035771335,18-25,F,M348934600,transportation,45.47,0
0,C365152877,18-25,F,M1823072687,transportation,66.19,0
0,C149698808,18-25,F,M348934600,transportation,25.41,0
0,C1063753312,26-35,F,M1823072687,transportation,27.24,0
0,C220694569,26-35,M,M1823072687,transportation,32.88,0
0,C1087943403,26-35,M,M1823072687,transportation,11.4,0
0,C1495681901,<18,F,M1823072687,transportation,44.55,0
0,C1151051721,26-35,M,M348934600,transportation,17.66,0
0,C1150646122,26-35,M,M1053599405,health,98.01,0
0,C1415453492,18-25,F,M348934600,transportation,5.4,0
0,C658256470,26-35,F,M348934600,transportation,31.21,0
0,C823678601,18-25,F,M1823072687,transportation,13.77,0
0,C1750373007,26-35,F,M348934600,transportation,24.5,0
0,C985732014,18-25,F,M348934600,transportation,30.93,0
0,C1480799932,60,M,M1823072687,transportation,30.6,0
0,C1764447156,26-35,F,M923029380,home,184.36,0
0,C771207119,36-45,M,M85975013,food,11.95,0
0,C1182534509,18-25,F,M1823072687,transportation,13.9,0
0,C1663056729,26-35,F,M348934600,transportation,2.1,0
0,C2128589842,26-35,F,M348934600,transportation,34.56,0
0,C1801015376,18-25,M,M348934600,transportation,35.51,0
0,C2134625729,18-25,F,M348934600,transportation,20.82,0
0,C107125195,<18,M,M348934600,transportation,26.46,0
0,C204633978,18-25,F,M348934600,transportation,9.47,0
0,C815064001,26-35,M,M1823072687,transportation,32.81,0
0,C251630036,36-45,F,M1823072687,transportation,13.81,0
0,C1100276718,<18,F,M1823072687,transportation,20.5,0
0,C913841043,26-35,F,M480139044,health,200.36,0
0,C848308923,26-35,M,M1823072687,transportation,25.29,0
0,C1040303644,18-25,M,M85975013,food,26.45,0
0,C1431806998,36-45,F,M348934600,transportation,17.41,0
0,C1771537982,18-25,M,M348934600,transportation,37.19,0
0,C1767103563,26-35,F,M348934600,transportation,24.76,0
0,C2016997607,18-25,M,M348934600,transportation,16.43,0
0,C371396143,18-25,F,M348934600,transportation,40.75,0
0,C1067734462,26-35,F,M348934600,transportation,42.7,0
0,C131682780,18-25,F,M348934600,transportation,1.76,0
0,C2055009466,36-45,M,M348934600,transportation,59.25,0
0,C1682236855,18-25,M,M348934600,transportation,20.97,0
0,C2036557936,18-25,M,M348934600,transportation,45.04,0
0,C2060968828,26-35,F,M348934600,transportation,13.19,0
0,C585299069,26-35,F,M348934600,transportation,8.06,0
0,C1490048317,60,F,M209847108,wellnessandbeauty,432.27,1
0,C1490048317,60,F,M209847108,wellnessandbeauty,87.68,1
0,C333991833,18-25,M,M348934600,transportation,22.15,0
0,C1589138432,36-45,M,M348934600,transportation,22.99,0
0,C1274818444,46-60,F,M348934600,transportation,54.53,0
0,C1708403061,<18,F,M348934600,transportation,20.1,0
0,C336519851,26-35,F,M348934600,transportation,32.67,0
0,C37682628,<18,M,M348934600,transportation,29.61,0
0,C1548142512,36-45,F,M348934600,transportation,53.62,0
0,C626305923,26-35,M,M1535107174,wellnessandbeauty,124.53,0
0,C7197142,18-25,M,M348934600,transportation,7.19,0
0,C1828416123,36-45,F,M348934600,transportation,51.38,0
0,C1677202028,26-35,F,M1823072687,transportation,26.28,0
0,C1471216995,26-35,F,M348934600,transportation,35.06,0
0,C1238185596,46-60,M,M348934600,transportation,53.58,0
0,C1906860092,26-35,F,M151143676,barsandrestaurants,95.29,0
0,C857032107,26-35,M,M348934600,transportation,39.17,0
0,C2117552812,<18,F,M1053599405,health,153.05,0
0,C524035200,18-25,M,M348934600,transportation,29.5,0
